--
-- PostgreSQL database dump
--

\restrict XRRgLK676u7xCpqq0WJU30ekO7LooOUdeUtfPE4JfQXbQilEbFTTEbdXhn6EMkI

-- Dumped from database version 16.10
-- Dumped by pg_dump version 16.10

SET statement_timeout = 0;
SET lock_timeout = 0;
SET idle_in_transaction_session_timeout = 0;
SET client_encoding = 'UTF8';
SET standard_conforming_strings = on;
SELECT pg_catalog.set_config('search_path', '', false);
SET check_function_bodies = false;
SET xmloption = content;
SET client_min_messages = warning;
SET row_security = off;

--
-- Data for Name: artworks; Type: TABLE DATA; Schema: public; Owner: -
--

INSERT INTO public.artworks (id, slug, title, medium, dimensions, price, status, description, image_url, is_featured, year, created_at, printify_matte_product_id, printify_framed_product_id, image_width, image_height, image_rotation) VALUES (22, 'the-warm-waking-cold', 'The Warm Waking Cold', 'Acrylic on Wood', '3'' × 3''', 100000, 'available', 'This piece explores the experience of waking into mania — and the shadow of depression that follows, haunting the self as an ever-present fear of return.', 'https://cdn.jsdelivr.net/gh/free-whiteboard-online/Free-Erasorio-Alternative-for-Collaborative-Design@c8bd91b79ea3ea9eb0d0edd9139854008d0d5766/uploads/2026-03-30T20-55-46-776Z-28sv8qptt.jpg', true, 2024, '2026-03-30 22:48:21.478178+00', '69dc1d9570e65284fd01b0ef', NULL, 1792, 2156, NULL);
INSERT INTO public.artworks (id, slug, title, medium, dimensions, price, status, description, image_url, is_featured, year, created_at, printify_matte_product_id, printify_framed_product_id, image_width, image_height, image_rotation) VALUES (23, 'hands-to-yourself', 'Hands to Yourself', 'Acrylic on Canvas', '3'' × 1.5''', 75000, 'available', 'This piece confronts the feeling of helplessness and grotesquery that comes in dreams about being sexually violated.', 'https://cdn.jsdelivr.net/gh/free-whiteboard-online/Free-Erasorio-Alternative-for-Collaborative-Design@6f1b614055b286df6030dd9bbc5400decb619c5c/uploads/2026-03-30T20-56-07-001Z-59ddwbthe.jpg', true, 2023, '2026-03-30 22:48:21.481232+00', '69dc1d98a6714c1fd5036834', NULL, 864, 1233, NULL);
INSERT INTO public.artworks (id, slug, title, medium, dimensions, price, status, description, image_url, is_featured, year, created_at, printify_matte_product_id, printify_framed_product_id, image_width, image_height, image_rotation) VALUES (21, 'grin-and-bear-it', 'Grin and Bear It', 'Acrylic on Canvas', '3'' × 1.5''', 75000, 'available', 'This piece captures the circus-like dance of mental awakening — the sensation of consciousness returning, almost blinding in its intensity, as the light of the world rushes back in.', 'https://cdn.jsdelivr.net/gh/free-whiteboard-online/Free-Erasorio-Alternative-for-Collaborative-Design@543b8056aee8e2e39560fee8533ae82d0f707a07/uploads/2026-03-30T20-55-07-996Z-co1m2osgt.jpg', true, 2024, '2026-03-30 22:48:21.473744+00', '69dc1db0e886ba00030808f5', NULL, 691, 1041, NULL);
INSERT INTO public.artworks (id, slug, title, medium, dimensions, price, status, description, image_url, is_featured, year, created_at, printify_matte_product_id, printify_framed_product_id, image_width, image_height, image_rotation) VALUES (32, 'untitled-02', 'Untitled 02', NULL, NULL, NULL, 'unavailable', NULL, 'https://cdn.jsdelivr.net/gh/free-whiteboard-online/Free-Erasorio-Alternative-for-Collaborative-Design@3bb300a6f5b00e7b86597c03aac3bcec627ac11c/uploads/2026-03-30T21-11-10-339Z-nkfgqvr0z.jpg', false, NULL, '2026-03-30 22:48:21.507301+00', '69dc1db423e92aa6b80d2106', NULL, 1792, 2390, NULL);
INSERT INTO public.artworks (id, slug, title, medium, dimensions, price, status, description, image_url, is_featured, year, created_at, printify_matte_product_id, printify_framed_product_id, image_width, image_height, image_rotation) VALUES (35, 'untitled-05', 'Untitled 05', NULL, NULL, NULL, 'unavailable', NULL, 'https://cdn.jsdelivr.net/gh/free-whiteboard-online/Free-Erasorio-Alternative-for-Collaborative-Design@dd6d754e03fab5c9a7634e56fcacab6f648ac1c3/uploads/2026-03-30T21-12-30-294Z-hvi3p5ryp.jpg', false, NULL, '2026-03-30 22:48:21.517065+00', '69dc1db89bb7d820380892aa', NULL, 1792, 2371, NULL);
INSERT INTO public.artworks (id, slug, title, medium, dimensions, price, status, description, image_url, is_featured, year, created_at, printify_matte_product_id, printify_framed_product_id, image_width, image_height, image_rotation) VALUES (36, 'be-no-evil', 'Be No Evil', 'Acrylic on Canvas', '3.5'' by 3''', 120000, 'sold', NULL, 'https://cdn.jsdelivr.net/gh/free-whiteboard-online/Free-Erasorio-Alternative-for-Collaborative-Design@fd2b7c7eccf64fe6fc0139c40e8ae0394965fbbe/uploads/2026-03-30T21-12-54-045Z-bpo5mjqy6.jpg', false, NULL, '2026-03-30 22:48:21.5203+00', '69dc1d9af69271dd700866c6', NULL, 811, 1081, NULL);
INSERT INTO public.artworks (id, slug, title, medium, dimensions, price, status, description, image_url, is_featured, year, created_at, printify_matte_product_id, printify_framed_product_id, image_width, image_height, image_rotation) VALUES (34, 'untitled-04', 'Untitled 04', NULL, NULL, NULL, 'unavailable', NULL, 'https://cdn.jsdelivr.net/gh/free-whiteboard-online/Free-Erasorio-Alternative-for-Collaborative-Design@461b56e80d3e3c10126cd8edfa4cce80fc50fc8d/uploads/2026-03-30T21-12-06-756Z-vpls5n41h.jpg', false, NULL, '2026-03-30 22:48:21.51424+00', '69dc1da6166a4b72cb0b14fb', NULL, 2456, 1607, NULL);
INSERT INTO public.artworks (id, slug, title, medium, dimensions, price, status, description, image_url, is_featured, year, created_at, printify_matte_product_id, printify_framed_product_id, image_width, image_height, image_rotation) VALUES (33, 'a-cry-for-help', 'A Cry For Help', 'Acrylic and Oil on Canvas', '3'' by 4''', 75000, 'sold', NULL, 'https://cdn.jsdelivr.net/gh/free-whiteboard-online/Free-Erasorio-Alternative-for-Collaborative-Design@706d6331d2e16056a8c254ef73f67949ecaa859e/uploads/2026-03-30T21-11-37-856Z-8nrulpnzi.jpg', false, NULL, '2026-03-30 22:48:21.510396+00', '69dc1dac3ff9b45b45048874', NULL, 1728, 2462, -90);
INSERT INTO public.artworks (id, slug, title, medium, dimensions, price, status, description, image_url, is_featured, year, created_at, printify_matte_product_id, printify_framed_product_id, image_width, image_height, image_rotation) VALUES (25, 'give-me-peace', 'Give Me Peace', 'Acrylic on Canvas', NULL, 25000, 'sold', NULL, 'https://cdn.jsdelivr.net/gh/free-whiteboard-online/Free-Erasorio-Alternative-for-Collaborative-Design@fee6f3b52df3ba33e46d0f6e6af0debf68a77961/uploads/2026-03-30T21-03-19-054Z-pm2l8672k.jpg', false, NULL, '2026-03-30 22:48:21.487101+00', '69dc1d9fb9e472791908a2c7', NULL, 896, 1195, NULL);
INSERT INTO public.artworks (id, slug, title, medium, dimensions, price, status, description, image_url, is_featured, year, created_at, printify_matte_product_id, printify_framed_product_id, image_width, image_height, image_rotation) VALUES (31, 'hope-far-away-hope', 'Hope, Far Away Hope', NULL, NULL, 25000, 'sold', NULL, 'https://cdn.jsdelivr.net/gh/free-whiteboard-online/Free-Erasorio-Alternative-for-Collaborative-Design@aa70c53b91df12ce12301bc817ebefdd0a49eba4/uploads/2026-03-30T21-10-06-133Z-2mvkzz8rd.png', false, NULL, '2026-03-30 22:48:21.504667+00', '69dc1da2e8f2cd193a0ec133', NULL, 1503, 2101, NULL);
INSERT INTO public.artworks (id, slug, title, medium, dimensions, price, status, description, image_url, is_featured, year, created_at, printify_matte_product_id, printify_framed_product_id, image_width, image_height, image_rotation) VALUES (27, 'she-runs-these-hills', 'She Runs These Hills', 'Acrylic and Oil on Canvas', '6'' by 4''', 65000, 'sold', NULL, 'https://cdn.jsdelivr.net/gh/free-whiteboard-online/Free-Erasorio-Alternative-for-Collaborative-Design@3b6b596746b7a82170b3f75ea043a98421abe4a4/uploads/2026-03-30T21-05-03-301Z-nqwte8805.JPG', false, NULL, '2026-03-30 22:48:21.492902+00', '69dc1dab7404a25525046007', NULL, 1420, 925, NULL);
INSERT INTO public.artworks (id, slug, title, medium, dimensions, price, status, description, image_url, is_featured, year, created_at, printify_matte_product_id, printify_framed_product_id, image_width, image_height, image_rotation) VALUES (28, 'maybe-tomorrow', 'Maybe Tomorrow', 'Acrylic on Canvas', NULL, 25000, 'sold', NULL, 'https://cdn.jsdelivr.net/gh/free-whiteboard-online/Free-Erasorio-Alternative-for-Collaborative-Design@fc10bbdb30b39c1dcf311a80bd7845cc62799d8b/uploads/2026-03-30T21-05-32-392Z-xaiulv9nt.jpg', false, NULL, '2026-03-30 22:48:21.495706+00', '69dc1db23ff9b45b45048875', NULL, 1792, 2390, NULL);
INSERT INTO public.artworks (id, slug, title, medium, dimensions, price, status, description, image_url, is_featured, year, created_at, printify_matte_product_id, printify_framed_product_id, image_width, image_height, image_rotation) VALUES (29, 'our-lives', 'Our Lives', 'Acrylic on Canvas', NULL, 15000, 'sold', NULL, 'https://cdn.jsdelivr.net/gh/free-whiteboard-online/Free-Erasorio-Alternative-for-Collaborative-Design@4ec50af74c2aaacf4cb722cdc27da215c4bd6468/uploads/2026-03-30T21-08-40-264Z-b09z48ro3.jpg', false, NULL, '2026-03-30 22:48:21.499412+00', '69dc1db67404a25525046009', NULL, 943, 1136, NULL);
INSERT INTO public.artworks (id, slug, title, medium, dimensions, price, status, description, image_url, is_featured, year, created_at, printify_matte_product_id, printify_framed_product_id, image_width, image_height, image_rotation) VALUES (37, 'the-lights-too-bright-the-sound-too-loud', 'The Lights Too Bright, The Sound Too Loud', 'Oil and Ink on Canvas', '4'' by 4''', 150000, 'sold', NULL, 'https://cdn.jsdelivr.net/gh/free-whiteboard-online/Free-Erasorio-Alternative-for-Collaborative-Design@e968480b9bc4b54d5eeb8d46701f815c5cc7233a/uploads/2026-03-30T21-15-00-026Z-ywv7z8ljy.jpg', false, NULL, '2026-03-30 22:48:21.523643+00', '69dc1da8a6714c1fd5036836', NULL, 848, 856, NULL);
INSERT INTO public.artworks (id, slug, title, medium, dimensions, price, status, description, image_url, is_featured, year, created_at, printify_matte_product_id, printify_framed_product_id, image_width, image_height, image_rotation) VALUES (24, 'endure', 'Endure', 'Acrylic on Canvas', '4'' × 3.5''', 400000, 'sold', 'This work is rooted in the weight of the mind — and the world the mind creates for itself. Color, for me, is a form of confrontation; I work with it as a means of facing my mental illness directly, a practice of exposure therapy embedded in the creative process. Though heavy and emotional in nature, the piece carries an underlying message of perseverance and personal fortitude. It is among the works I am most proud of. There is a cosmic, otherworldly quality to it — one that emerged organically, almost beyond my own understanding of how it came to be.', 'https://cdn.jsdelivr.net/gh/free-whiteboard-online/Free-Erasorio-Alternative-for-Collaborative-Design@a06169277ae7c11ddf17d46271df1ceb7b85418d/uploads/2026-03-30T20-57-08-625Z-bt4s164un.png', true, 2024, '2026-03-30 22:48:21.483753+00', '69dc1dbae8f2cd193a0ec136', NULL, 1776, 2374, NULL);
INSERT INTO public.artworks (id, slug, title, medium, dimensions, price, status, description, image_url, is_featured, year, created_at, printify_matte_product_id, printify_framed_product_id, image_width, image_height, image_rotation) VALUES (26, 'hilarity', 'Hilarity', 'Acrylic on Canvas', NULL, 75000, 'sold', NULL, 'https://cdn.jsdelivr.net/gh/free-whiteboard-online/Free-Erasorio-Alternative-for-Collaborative-Design@388df2c51c71d49e11d724272677cbd53b06b321/uploads/2026-03-30T21-04-27-018Z-6xky4oyxe.jpg', false, NULL, '2026-03-30 22:48:21.490146+00', '69dc1d9c23e92aa6b80d2104', NULL, 1124, 734, NULL);
INSERT INTO public.artworks (id, slug, title, medium, dimensions, price, status, description, image_url, is_featured, year, created_at, printify_matte_product_id, printify_framed_product_id, image_width, image_height, image_rotation) VALUES (30, 'the-toast', 'The Toast', 'Acrylic on Canvas', NULL, NULL, 'unavailable', NULL, 'https://cdn.jsdelivr.net/gh/free-whiteboard-online/Free-Erasorio-Alternative-for-Collaborative-Design@7d6ce1693f82f7320c9a29c5879112c60d7f2b53/uploads/2026-03-30T21-09-35-470Z-6wxs4057t.jpg', false, NULL, '2026-03-30 22:48:21.502074+00', '69dc1daef69271dd700866c8', NULL, 1126, 1433, NULL);


--
-- Data for Name: merch_artwork_products; Type: TABLE DATA; Schema: public; Owner: -
--

INSERT INTO public.merch_artwork_products (id, merch_product_id, artwork_id, printify_product_id, created_at, mockup_images) VALUES (269, 3, 21, '69dbf4093282be8a330fcf05', '2026-04-12 19:35:38.849435+00', '{https://images-api.printify.com/mockup/69dbf4093282be8a330fcf05/25397/98502/grin-and-bear-it-gildan-crewneck-sweatshirt.jpg?camera_label=front,https://images-api.printify.com/mockup/69dbf4093282be8a330fcf05/25397/100650/grin-and-bear-it-gildan-crewneck-sweatshirt.jpg?camera_label=person-5-left-sleeve,https://images-api.printify.com/mockup/69dbf4093282be8a330fcf05/25397/100649/grin-and-bear-it-gildan-crewneck-sweatshirt.jpg?camera_label=person-5-right-sleeve,https://images-api.printify.com/mockup/69dbf4093282be8a330fcf05/25397/98504/grin-and-bear-it-gildan-crewneck-sweatshirt.jpg?camera_label=person-1,https://images-api.printify.com/mockup/69dbf4093282be8a330fcf05/25397/98505/grin-and-bear-it-gildan-crewneck-sweatshirt.jpg?camera_label=person-2}');
INSERT INTO public.merch_artwork_products (id, merch_product_id, artwork_id, printify_product_id, created_at, mockup_images) VALUES (270, 13, 27, '69dbf4123282be8a330fcf08', '2026-04-12 19:35:47.543344+00', '{https://images-api.printify.com/mockup/69dbf4123282be8a330fcf08/32912/98425/she-runs-these-hills-gildan-pullover-hoodie.jpg?camera_label=back,https://images-api.printify.com/mockup/69dbf4123282be8a330fcf08/32920/98427/she-runs-these-hills-gildan-pullover-hoodie.jpg?camera_label=person-1,https://images-api.printify.com/mockup/69dbf4123282be8a330fcf08/32920/100685/she-runs-these-hills-gildan-pullover-hoodie.jpg?camera_label=front-collar-closeup,https://images-api.printify.com/mockup/69dbf4123282be8a330fcf08/32920/100682/she-runs-these-hills-gildan-pullover-hoodie.jpg?camera_label=person-4-back,https://images-api.printify.com/mockup/69dbf4123282be8a330fcf08/32912/98432/she-runs-these-hills-gildan-pullover-hoodie.jpg?camera_label=folded}');
INSERT INTO public.merch_artwork_products (id, merch_product_id, artwork_id, printify_product_id, created_at, mockup_images) VALUES (289, 8, 27, '69dc05372d7b2c150609306e', '2026-04-12 20:48:56.373426+00', '{https://images-api.printify.com/mockup/69dc05372d7b2c150609306e/116654/112500/she-runs-these-hills-bucket-hat.jpg?camera_label=front,https://images-api.printify.com/mockup/69dc05372d7b2c150609306e/116660/112500/she-runs-these-hills-bucket-hat.jpg?camera_label=front,https://images-api.printify.com/mockup/69dc05372d7b2c150609306e/116655/112500/she-runs-these-hills-bucket-hat.jpg?camera_label=front,https://images-api.printify.com/mockup/69dc05372d7b2c150609306e/116659/112500/she-runs-these-hills-bucket-hat.jpg?camera_label=front,https://images-api.printify.com/mockup/69dc05372d7b2c150609306e/116654/112515/she-runs-these-hills-bucket-hat.jpg?camera_label=back,https://images-api.printify.com/mockup/69dc05372d7b2c150609306e/116660/112515/she-runs-these-hills-bucket-hat.jpg?camera_label=back,https://images-api.printify.com/mockup/69dc05372d7b2c150609306e/116655/112515/she-runs-these-hills-bucket-hat.jpg?camera_label=back,https://images-api.printify.com/mockup/69dc05372d7b2c150609306e/116659/112515/she-runs-these-hills-bucket-hat.jpg?camera_label=back}');
INSERT INTO public.merch_artwork_products (id, merch_product_id, artwork_id, printify_product_id, created_at, mockup_images) VALUES (338, 8, 29, '69dc395f9bb7d820380897a9', '2026-04-13 00:31:29.199747+00', '{https://images-api.printify.com/mockup/69dc395f9bb7d820380897a9/116654/112500/our-lives-bucket-hat.jpg?camera_label=front,https://images-api.printify.com/mockup/69dc395f9bb7d820380897a9/116660/112500/our-lives-bucket-hat.jpg?camera_label=front,https://images-api.printify.com/mockup/69dc395f9bb7d820380897a9/116655/112500/our-lives-bucket-hat.jpg?camera_label=front,https://images-api.printify.com/mockup/69dc395f9bb7d820380897a9/116659/112500/our-lives-bucket-hat.jpg?camera_label=front,https://images-api.printify.com/mockup/69dc395f9bb7d820380897a9/116654/112515/our-lives-bucket-hat.jpg?camera_label=back,https://images-api.printify.com/mockup/69dc395f9bb7d820380897a9/116660/112515/our-lives-bucket-hat.jpg?camera_label=back,https://images-api.printify.com/mockup/69dc395f9bb7d820380897a9/116655/112515/our-lives-bucket-hat.jpg?camera_label=back,https://images-api.printify.com/mockup/69dc395f9bb7d820380897a9/116659/112515/our-lives-bucket-hat.jpg?camera_label=back}');
INSERT INTO public.merch_artwork_products (id, merch_product_id, artwork_id, printify_product_id, created_at, mockup_images) VALUES (272, 8, 26, '69dbf4782d7b2c1506092dd6', '2026-04-12 19:37:29.336494+00', '{https://images-api.printify.com/mockup/69dbf4782d7b2c1506092dd6/116654/112500/hilarity-bucket-hat.jpg?camera_label=front,https://images-api.printify.com/mockup/69dbf4782d7b2c1506092dd6/116654/112500/hilarity-bucket-hat.jpg?camera_label=front,https://images-api.printify.com/mockup/69dbf4782d7b2c1506092dd6/116660/112500/hilarity-bucket-hat.jpg?camera_label=front,https://images-api.printify.com/mockup/69dbf4782d7b2c1506092dd6/116660/112500/hilarity-bucket-hat.jpg?camera_label=front,https://images-api.printify.com/mockup/69dbf4782d7b2c1506092dd6/116655/112500/hilarity-bucket-hat.jpg?camera_label=front,https://images-api.printify.com/mockup/69dbf4782d7b2c1506092dd6/116655/112500/hilarity-bucket-hat.jpg?camera_label=front,https://images-api.printify.com/mockup/69dbf4782d7b2c1506092dd6/116659/112500/hilarity-bucket-hat.jpg?camera_label=front,https://images-api.printify.com/mockup/69dbf4782d7b2c1506092dd6/116659/112500/hilarity-bucket-hat.jpg?camera_label=front,https://images-api.printify.com/mockup/69dbf4782d7b2c1506092dd6/116654/112515/hilarity-bucket-hat.jpg?camera_label=back,https://images-api.printify.com/mockup/69dbf4782d7b2c1506092dd6/116654/112515/hilarity-bucket-hat.jpg?camera_label=back,https://images-api.printify.com/mockup/69dbf4782d7b2c1506092dd6/116660/112515/hilarity-bucket-hat.jpg?camera_label=back,https://images-api.printify.com/mockup/69dbf4782d7b2c1506092dd6/116660/112515/hilarity-bucket-hat.jpg?camera_label=back,https://images-api.printify.com/mockup/69dbf4782d7b2c1506092dd6/116655/112515/hilarity-bucket-hat.jpg?camera_label=back,https://images-api.printify.com/mockup/69dbf4782d7b2c1506092dd6/116655/112515/hilarity-bucket-hat.jpg?camera_label=back,https://images-api.printify.com/mockup/69dbf4782d7b2c1506092dd6/116659/112515/hilarity-bucket-hat.jpg?camera_label=back,https://images-api.printify.com/mockup/69dbf4782d7b2c1506092dd6/116659/112515/hilarity-bucket-hat.jpg?camera_label=back}');
INSERT INTO public.merch_artwork_products (id, merch_product_id, artwork_id, printify_product_id, created_at, mockup_images) VALUES (273, 1, 21, '69dbf477d68d58aed10da673', '2026-04-12 19:37:29.355018+00', '{https://images-api.printify.com/mockup/69dbf477d68d58aed10da673/73204/98445/grin-and-bear-it-comfort-colors-t-shirt.jpg?camera_label=front,https://images-api.printify.com/mockup/69dbf477d68d58aed10da673/73204/98446/grin-and-bear-it-comfort-colors-t-shirt.jpg?camera_label=back,https://images-api.printify.com/mockup/69dbf477d68d58aed10da673/73204/112433/grin-and-bear-it-comfort-colors-t-shirt.jpg?camera_label=person-1-front,https://images-api.printify.com/mockup/69dbf477d68d58aed10da673/73204/98448/grin-and-bear-it-comfort-colors-t-shirt.jpg?camera_label=person-2,https://images-api.printify.com/mockup/69dbf477d68d58aed10da673/73204/112434/grin-and-bear-it-comfort-colors-t-shirt.jpg?camera_label=person-1-back}');
INSERT INTO public.merch_artwork_products (id, merch_product_id, artwork_id, printify_product_id, created_at, mockup_images) VALUES (276, 3, 23, '69dbf478e8f2cd193a0eba62', '2026-04-12 19:37:30.242674+00', '{https://images-api.printify.com/mockup/69dbf478e8f2cd193a0eba62/25397/98502/hands-to-yourself-gildan-crewneck-sweatshirt.jpg?camera_label=front,https://images-api.printify.com/mockup/69dbf478e8f2cd193a0eba62/25397/100650/hands-to-yourself-gildan-crewneck-sweatshirt.jpg?camera_label=person-5-left-sleeve,https://images-api.printify.com/mockup/69dbf478e8f2cd193a0eba62/25397/100649/hands-to-yourself-gildan-crewneck-sweatshirt.jpg?camera_label=person-5-right-sleeve,https://images-api.printify.com/mockup/69dbf478e8f2cd193a0eba62/25397/98504/hands-to-yourself-gildan-crewneck-sweatshirt.jpg?camera_label=person-1,https://images-api.printify.com/mockup/69dbf478e8f2cd193a0eba62/25397/98505/hands-to-yourself-gildan-crewneck-sweatshirt.jpg?camera_label=person-2}');
INSERT INTO public.merch_artwork_products (id, merch_product_id, artwork_id, printify_product_id, created_at, mockup_images) VALUES (277, 13, 22, '69dbf478e0461edbb50acf2d', '2026-04-12 19:37:30.271165+00', '{https://images-api.printify.com/mockup/69dbf478e0461edbb50acf2d/32912/98425/the-warm-waking-cold-gildan-pullover-hoodie.jpg?camera_label=back,https://images-api.printify.com/mockup/69dbf478e0461edbb50acf2d/32920/98427/the-warm-waking-cold-gildan-pullover-hoodie.jpg?camera_label=person-1,https://images-api.printify.com/mockup/69dbf478e0461edbb50acf2d/32920/100685/the-warm-waking-cold-gildan-pullover-hoodie.jpg?camera_label=front-collar-closeup,https://images-api.printify.com/mockup/69dbf478e0461edbb50acf2d/32920/100682/the-warm-waking-cold-gildan-pullover-hoodie.jpg?camera_label=person-4-back,https://images-api.printify.com/mockup/69dbf478e0461edbb50acf2d/32912/98432/the-warm-waking-cold-gildan-pullover-hoodie.jpg?camera_label=folded}');
INSERT INTO public.merch_artwork_products (id, merch_product_id, artwork_id, printify_product_id, created_at, mockup_images) VALUES (290, 3, 22, '69dc0551ae80fef1270b1b8d', '2026-04-12 20:49:24.690448+00', '{https://images-api.printify.com/mockup/69dc0551ae80fef1270b1b8d/25397/98502/the-warm-waking-cold-gildan-crewneck-sweatshirt.jpg?camera_label=front,https://images-api.printify.com/mockup/69dc0551ae80fef1270b1b8d/25397/100650/the-warm-waking-cold-gildan-crewneck-sweatshirt.jpg?camera_label=person-5-left-sleeve,https://images-api.printify.com/mockup/69dc0551ae80fef1270b1b8d/25397/100649/the-warm-waking-cold-gildan-crewneck-sweatshirt.jpg?camera_label=person-5-right-sleeve,https://images-api.printify.com/mockup/69dc0551ae80fef1270b1b8d/25397/98504/the-warm-waking-cold-gildan-crewneck-sweatshirt.jpg?camera_label=person-1,https://images-api.printify.com/mockup/69dc0551ae80fef1270b1b8d/25397/98505/the-warm-waking-cold-gildan-crewneck-sweatshirt.jpg?camera_label=person-2}');
INSERT INTO public.merch_artwork_products (id, merch_product_id, artwork_id, printify_product_id, created_at, mockup_images) VALUES (308, 5, 32, '69dc110204285edc1204da1b', '2026-04-12 21:39:16.387289+00', '{https://images-api.printify.com/mockup/69dc110204285edc1204da1b/67999/7971/untitled-02-tough-phone-case.jpg?camera_label=front-and-side,https://images-api.printify.com/mockup/69dc110204285edc1204da1b/68001/7973/untitled-02-tough-phone-case.jpg?camera_label=front-and-side,https://images-api.printify.com/mockup/69dc110204285edc1204da1b/68003/7975/untitled-02-tough-phone-case.jpg?camera_label=front-and-side,https://images-api.printify.com/mockup/69dc110204285edc1204da1b/75384/22090/untitled-02-tough-phone-case.jpg?camera_label=front-and-side,https://images-api.printify.com/mockup/69dc110204285edc1204da1b/75388/22094/untitled-02-tough-phone-case.jpg?camera_label=front-and-side,https://images-api.printify.com/mockup/69dc110204285edc1204da1b/75390/22096/untitled-02-tough-phone-case.jpg?camera_label=front-and-side,https://images-api.printify.com/mockup/69dc110204285edc1204da1b/96398/87999/untitled-02-tough-phone-case.jpg?camera_label=front-and-side,https://images-api.printify.com/mockup/69dc110204285edc1204da1b/96400/88001/untitled-02-tough-phone-case.jpg?camera_label=front-and-side,https://images-api.printify.com/mockup/69dc110204285edc1204da1b/96404/88002/untitled-02-tough-phone-case.jpg?camera_label=front-and-side,https://images-api.printify.com/mockup/69dc110204285edc1204da1b/102548/99493/untitled-02-tough-phone-case.jpg?camera_label=front-and-side,https://images-api.printify.com/mockup/69dc110204285edc1204da1b/102552/99495/untitled-02-tough-phone-case.jpg?camera_label=front-and-side,https://images-api.printify.com/mockup/69dc110204285edc1204da1b/102554/99496/untitled-02-tough-phone-case.jpg?camera_label=front-and-side,https://images-api.printify.com/mockup/69dc110204285edc1204da1b/112192/105691/untitled-02-tough-phone-case.jpg?camera_label=front,https://images-api.printify.com/mockup/69dc110204285edc1204da1b/112196/105695/untitled-02-tough-phone-case.jpg?camera_label=front,https://images-api.printify.com/mockup/69dc110204285edc1204da1b/112198/105697/untitled-02-tough-phone-case.jpg?camera_label=front,https://images-api.printify.com/mockup/69dc110204285edc1204da1b/80153/46726/untitled-02-tough-phone-case.jpg?camera_label=front-and-side,https://images-api.printify.com/mockup/69dc110204285edc1204da1b/96739/86593/untitled-02-tough-phone-case.jpg?camera_label=front-and-side,https://images-api.printify.com/mockup/69dc110204285edc1204da1b/105149/102069/untitled-02-tough-phone-case.jpg?camera_label=front}');
INSERT INTO public.merch_artwork_products (id, merch_product_id, artwork_id, printify_product_id, created_at, mockup_images) VALUES (309, 5, 26, '69dc1109e8f2cd193a0ebf13', '2026-04-12 21:39:22.901003+00', '{https://images-api.printify.com/mockup/69dc1109e8f2cd193a0ebf13/67999/7971/hilarity-tough-phone-case.jpg?camera_label=front-and-side,https://images-api.printify.com/mockup/69dc1109e8f2cd193a0ebf13/68001/7973/hilarity-tough-phone-case.jpg?camera_label=front-and-side,https://images-api.printify.com/mockup/69dc1109e8f2cd193a0ebf13/68003/7975/hilarity-tough-phone-case.jpg?camera_label=front-and-side,https://images-api.printify.com/mockup/69dc1109e8f2cd193a0ebf13/75384/22090/hilarity-tough-phone-case.jpg?camera_label=front-and-side,https://images-api.printify.com/mockup/69dc1109e8f2cd193a0ebf13/75388/22094/hilarity-tough-phone-case.jpg?camera_label=front-and-side,https://images-api.printify.com/mockup/69dc1109e8f2cd193a0ebf13/75390/22096/hilarity-tough-phone-case.jpg?camera_label=front-and-side,https://images-api.printify.com/mockup/69dc1109e8f2cd193a0ebf13/96398/87999/hilarity-tough-phone-case.jpg?camera_label=front-and-side,https://images-api.printify.com/mockup/69dc1109e8f2cd193a0ebf13/96400/88001/hilarity-tough-phone-case.jpg?camera_label=front-and-side,https://images-api.printify.com/mockup/69dc1109e8f2cd193a0ebf13/96404/88002/hilarity-tough-phone-case.jpg?camera_label=front-and-side,https://images-api.printify.com/mockup/69dc1109e8f2cd193a0ebf13/102548/99493/hilarity-tough-phone-case.jpg?camera_label=front-and-side,https://images-api.printify.com/mockup/69dc1109e8f2cd193a0ebf13/102552/99495/hilarity-tough-phone-case.jpg?camera_label=front-and-side,https://images-api.printify.com/mockup/69dc1109e8f2cd193a0ebf13/102554/99496/hilarity-tough-phone-case.jpg?camera_label=front-and-side,https://images-api.printify.com/mockup/69dc1109e8f2cd193a0ebf13/112192/105691/hilarity-tough-phone-case.jpg?camera_label=front,https://images-api.printify.com/mockup/69dc1109e8f2cd193a0ebf13/112196/105695/hilarity-tough-phone-case.jpg?camera_label=front,https://images-api.printify.com/mockup/69dc1109e8f2cd193a0ebf13/112198/105697/hilarity-tough-phone-case.jpg?camera_label=front,https://images-api.printify.com/mockup/69dc1109e8f2cd193a0ebf13/80153/46726/hilarity-tough-phone-case.jpg?camera_label=front-and-side,https://images-api.printify.com/mockup/69dc1109e8f2cd193a0ebf13/96739/86593/hilarity-tough-phone-case.jpg?camera_label=front-and-side,https://images-api.printify.com/mockup/69dc1109e8f2cd193a0ebf13/105149/102069/hilarity-tough-phone-case.jpg?camera_label=front}');
INSERT INTO public.merch_artwork_products (id, merch_product_id, artwork_id, printify_product_id, created_at, mockup_images) VALUES (310, 5, 37, '69dc11189bb7d82038089047', '2026-04-12 21:39:37.007034+00', '{https://images-api.printify.com/mockup/69dc11189bb7d82038089047/67999/7971/the-lights-too-bright-the-sound-too-loud-tough-phone-case.jpg?camera_label=front-and-side,https://images-api.printify.com/mockup/69dc11189bb7d82038089047/68001/7973/the-lights-too-bright-the-sound-too-loud-tough-phone-case.jpg?camera_label=front-and-side,https://images-api.printify.com/mockup/69dc11189bb7d82038089047/68003/7975/the-lights-too-bright-the-sound-too-loud-tough-phone-case.jpg?camera_label=front-and-side,https://images-api.printify.com/mockup/69dc11189bb7d82038089047/75384/22090/the-lights-too-bright-the-sound-too-loud-tough-phone-case.jpg?camera_label=front-and-side,https://images-api.printify.com/mockup/69dc11189bb7d82038089047/75388/22094/the-lights-too-bright-the-sound-too-loud-tough-phone-case.jpg?camera_label=front-and-side,https://images-api.printify.com/mockup/69dc11189bb7d82038089047/75390/22096/the-lights-too-bright-the-sound-too-loud-tough-phone-case.jpg?camera_label=front-and-side,https://images-api.printify.com/mockup/69dc11189bb7d82038089047/96398/87999/the-lights-too-bright-the-sound-too-loud-tough-phone-case.jpg?camera_label=front-and-side,https://images-api.printify.com/mockup/69dc11189bb7d82038089047/96400/88001/the-lights-too-bright-the-sound-too-loud-tough-phone-case.jpg?camera_label=front-and-side,https://images-api.printify.com/mockup/69dc11189bb7d82038089047/96404/88002/the-lights-too-bright-the-sound-too-loud-tough-phone-case.jpg?camera_label=front-and-side,https://images-api.printify.com/mockup/69dc11189bb7d82038089047/102548/99493/the-lights-too-bright-the-sound-too-loud-tough-phone-case.jpg?camera_label=front-and-side,https://images-api.printify.com/mockup/69dc11189bb7d82038089047/102552/99495/the-lights-too-bright-the-sound-too-loud-tough-phone-case.jpg?camera_label=front-and-side,https://images-api.printify.com/mockup/69dc11189bb7d82038089047/102554/99496/the-lights-too-bright-the-sound-too-loud-tough-phone-case.jpg?camera_label=front-and-side,https://images-api.printify.com/mockup/69dc11189bb7d82038089047/112192/105691/the-lights-too-bright-the-sound-too-loud-tough-phone-case.jpg?camera_label=front,https://images-api.printify.com/mockup/69dc11189bb7d82038089047/112196/105695/the-lights-too-bright-the-sound-too-loud-tough-phone-case.jpg?camera_label=front,https://images-api.printify.com/mockup/69dc11189bb7d82038089047/112198/105697/the-lights-too-bright-the-sound-too-loud-tough-phone-case.jpg?camera_label=front,https://images-api.printify.com/mockup/69dc11189bb7d82038089047/80153/46726/the-lights-too-bright-the-sound-too-loud-tough-phone-case.jpg?camera_label=front-and-side,https://images-api.printify.com/mockup/69dc11189bb7d82038089047/96739/86593/the-lights-too-bright-the-sound-too-loud-tough-phone-case.jpg?camera_label=front-and-side,https://images-api.printify.com/mockup/69dc11189bb7d82038089047/105149/102069/the-lights-too-bright-the-sound-too-loud-tough-phone-case.jpg?camera_label=front}');
INSERT INTO public.merch_artwork_products (id, merch_product_id, artwork_id, printify_product_id, created_at, mockup_images) VALUES (291, 1, 27, '69dc056ff6f60e22c60de28c', '2026-04-12 20:49:52.984176+00', '{https://images-api.printify.com/mockup/69dc056ff6f60e22c60de28c/73204/98445/she-runs-these-hills-comfort-colors-t-shirt.jpg?camera_label=front,https://images-api.printify.com/mockup/69dc056ff6f60e22c60de28c/73204/98446/she-runs-these-hills-comfort-colors-t-shirt.jpg?camera_label=back,https://images-api.printify.com/mockup/69dc056ff6f60e22c60de28c/73204/112433/she-runs-these-hills-comfort-colors-t-shirt.jpg?camera_label=person-1-front,https://images-api.printify.com/mockup/69dc056ff6f60e22c60de28c/73204/98448/she-runs-these-hills-comfort-colors-t-shirt.jpg?camera_label=person-2,https://images-api.printify.com/mockup/69dc056ff6f60e22c60de28c/73204/112434/she-runs-these-hills-comfort-colors-t-shirt.jpg?camera_label=person-1-back}');
INSERT INTO public.merch_artwork_products (id, merch_product_id, artwork_id, printify_product_id, created_at, mockup_images) VALUES (292, 1, 34, '69dc05773ff9b45b45048475', '2026-04-12 20:50:00.497855+00', '{https://images-api.printify.com/mockup/69dc05773ff9b45b45048475/73204/98445/untitled-04-comfort-colors-t-shirt.jpg?camera_label=front,https://images-api.printify.com/mockup/69dc05773ff9b45b45048475/73204/98446/untitled-04-comfort-colors-t-shirt.jpg?camera_label=back,https://images-api.printify.com/mockup/69dc05773ff9b45b45048475/73204/112433/untitled-04-comfort-colors-t-shirt.jpg?camera_label=person-1-front,https://images-api.printify.com/mockup/69dc05773ff9b45b45048475/73204/98448/untitled-04-comfort-colors-t-shirt.jpg?camera_label=person-2,https://images-api.printify.com/mockup/69dc05773ff9b45b45048475/73204/112434/untitled-04-comfort-colors-t-shirt.jpg?camera_label=person-1-back}');
INSERT INTO public.merch_artwork_products (id, merch_product_id, artwork_id, printify_product_id, created_at, mockup_images) VALUES (293, 1, 37, '69dc057ca6714c1fd503636f', '2026-04-12 20:50:05.768099+00', '{https://images-api.printify.com/mockup/69dc057ca6714c1fd503636f/73204/98445/the-lights-too-bright-the-sound-too-loud-comfort-colors-t-shirt.jpg?camera_label=front,https://images-api.printify.com/mockup/69dc057ca6714c1fd503636f/73204/98446/the-lights-too-bright-the-sound-too-loud-comfort-colors-t-shirt.jpg?camera_label=back,https://images-api.printify.com/mockup/69dc057ca6714c1fd503636f/73204/112433/the-lights-too-bright-the-sound-too-loud-comfort-colors-t-shirt.jpg?camera_label=person-1-front,https://images-api.printify.com/mockup/69dc057ca6714c1fd503636f/73204/98448/the-lights-too-bright-the-sound-too-loud-comfort-colors-t-shirt.jpg?camera_label=person-2,https://images-api.printify.com/mockup/69dc057ca6714c1fd503636f/73204/112434/the-lights-too-bright-the-sound-too-loud-comfort-colors-t-shirt.jpg?camera_label=person-1-back}');
INSERT INTO public.merch_artwork_products (id, merch_product_id, artwork_id, printify_product_id, created_at, mockup_images) VALUES (339, 8, 31, '69dc397a7404a255250465c9', '2026-04-13 00:31:56.753034+00', '{https://images-api.printify.com/mockup/69dc397a7404a255250465c9/116654/112500/hope-far-away-hope-bucket-hat.jpg?camera_label=front,https://images-api.printify.com/mockup/69dc397a7404a255250465c9/116660/112500/hope-far-away-hope-bucket-hat.jpg?camera_label=front,https://images-api.printify.com/mockup/69dc397a7404a255250465c9/116655/112500/hope-far-away-hope-bucket-hat.jpg?camera_label=front,https://images-api.printify.com/mockup/69dc397a7404a255250465c9/116659/112500/hope-far-away-hope-bucket-hat.jpg?camera_label=front,https://images-api.printify.com/mockup/69dc397a7404a255250465c9/116654/112515/hope-far-away-hope-bucket-hat.jpg?camera_label=back,https://images-api.printify.com/mockup/69dc397a7404a255250465c9/116660/112515/hope-far-away-hope-bucket-hat.jpg?camera_label=back,https://images-api.printify.com/mockup/69dc397a7404a255250465c9/116655/112515/hope-far-away-hope-bucket-hat.jpg?camera_label=back,https://images-api.printify.com/mockup/69dc397a7404a255250465c9/116659/112515/hope-far-away-hope-bucket-hat.jpg?camera_label=back}');
INSERT INTO public.merch_artwork_products (id, merch_product_id, artwork_id, printify_product_id, created_at, mockup_images) VALUES (348, 6, 28, '69dc3db3bb57269f1c047e29', '2026-04-13 00:49:56.402979+00', '{https://images-api.printify.com/mockup/69dc3db3bb57269f1c047e29/103599/100877/maybe-tomorrow-all-over-print-tote-bag.jpg?camera_label=front,https://images-api.printify.com/mockup/69dc3db3bb57269f1c047e29/103599/100933/maybe-tomorrow-all-over-print-tote-bag.jpg?camera_label=back,https://images-api.printify.com/mockup/69dc3db3bb57269f1c047e29/103599/100963/maybe-tomorrow-all-over-print-tote-bag.jpg?camera_label=person-1,https://images-api.printify.com/mockup/69dc3db3bb57269f1c047e29/103599/100985/maybe-tomorrow-all-over-print-tote-bag.jpg?camera_label=person-2,https://images-api.printify.com/mockup/69dc3db3bb57269f1c047e29/103605/100880/maybe-tomorrow-all-over-print-tote-bag.jpg?camera_label=front,https://images-api.printify.com/mockup/69dc3db3bb57269f1c047e29/103605/100939/maybe-tomorrow-all-over-print-tote-bag.jpg?camera_label=back,https://images-api.printify.com/mockup/69dc3db3bb57269f1c047e29/103605/100964/maybe-tomorrow-all-over-print-tote-bag.jpg?camera_label=person-1,https://images-api.printify.com/mockup/69dc3db3bb57269f1c047e29/103605/100986/maybe-tomorrow-all-over-print-tote-bag.jpg?camera_label=person-2}');
INSERT INTO public.merch_artwork_products (id, merch_product_id, artwork_id, printify_product_id, created_at, mockup_images) VALUES (294, 13, 24, '69dc05b45651a9952c0d1430', '2026-04-12 20:51:03.216439+00', '{https://images-api.printify.com/mockup/69dc05b45651a9952c0d1430/32912/98425/endure-gildan-pullover-hoodie.jpg?camera_label=back,https://images-api.printify.com/mockup/69dc05b45651a9952c0d1430/32920/98427/endure-gildan-pullover-hoodie.jpg?camera_label=person-1,https://images-api.printify.com/mockup/69dc05b45651a9952c0d1430/32920/100685/endure-gildan-pullover-hoodie.jpg?camera_label=front-collar-closeup,https://images-api.printify.com/mockup/69dc05b45651a9952c0d1430/32920/100682/endure-gildan-pullover-hoodie.jpg?camera_label=person-4-back,https://images-api.printify.com/mockup/69dc05b45651a9952c0d1430/32912/98432/endure-gildan-pullover-hoodie.jpg?camera_label=folded}');
INSERT INTO public.merch_artwork_products (id, merch_product_id, artwork_id, printify_product_id, created_at, mockup_images) VALUES (330, 8, 21, '69dc251a7eb555010d0174ab', '2026-04-12 23:05:01.669116+00', '{https://images-api.printify.com/mockup/69dc251a7eb555010d0174ab/116654/112500/grin-and-bear-it-bucket-hat.jpg?camera_label=front,https://images-api.printify.com/mockup/69dc251a7eb555010d0174ab/116660/112500/grin-and-bear-it-bucket-hat.jpg?camera_label=front,https://images-api.printify.com/mockup/69dc251a7eb555010d0174ab/116655/112500/grin-and-bear-it-bucket-hat.jpg?camera_label=front,https://images-api.printify.com/mockup/69dc251a7eb555010d0174ab/116659/112500/grin-and-bear-it-bucket-hat.jpg?camera_label=front,https://images-api.printify.com/mockup/69dc251a7eb555010d0174ab/116654/112515/grin-and-bear-it-bucket-hat.jpg?camera_label=back,https://images-api.printify.com/mockup/69dc251a7eb555010d0174ab/116660/112515/grin-and-bear-it-bucket-hat.jpg?camera_label=back,https://images-api.printify.com/mockup/69dc251a7eb555010d0174ab/116655/112515/grin-and-bear-it-bucket-hat.jpg?camera_label=back,https://images-api.printify.com/mockup/69dc251a7eb555010d0174ab/116659/112515/grin-and-bear-it-bucket-hat.jpg?camera_label=back}');
INSERT INTO public.merch_artwork_products (id, merch_product_id, artwork_id, printify_product_id, created_at, mockup_images) VALUES (340, 14, 27, '69dc3a19e8f2cd193a0ec5b8', '2026-04-13 00:34:33.812695+00', '{https://images-api.printify.com/mockup/69dc3a19e8f2cd193a0ec5b8/75299/22299/she-runs-these-hills-fine-art-print.jpg?camera_label=front}');
INSERT INTO public.merch_artwork_products (id, merch_product_id, artwork_id, printify_product_id, created_at, mockup_images) VALUES (349, 6, 25, '69dc3fceca0b9a8a32014a48', '2026-04-13 00:58:55.287949+00', '{https://images-api.printify.com/mockup/69dc3fceca0b9a8a32014a48/103599/100877/give-me-peace-all-over-print-tote-bag.jpg?camera_label=front,https://images-api.printify.com/mockup/69dc3fceca0b9a8a32014a48/103599/100933/give-me-peace-all-over-print-tote-bag.jpg?camera_label=back,https://images-api.printify.com/mockup/69dc3fceca0b9a8a32014a48/103599/100963/give-me-peace-all-over-print-tote-bag.jpg?camera_label=person-1,https://images-api.printify.com/mockup/69dc3fceca0b9a8a32014a48/103599/100985/give-me-peace-all-over-print-tote-bag.jpg?camera_label=person-2,https://images-api.printify.com/mockup/69dc3fceca0b9a8a32014a48/103605/100880/give-me-peace-all-over-print-tote-bag.jpg?camera_label=front,https://images-api.printify.com/mockup/69dc3fceca0b9a8a32014a48/103605/100939/give-me-peace-all-over-print-tote-bag.jpg?camera_label=back,https://images-api.printify.com/mockup/69dc3fceca0b9a8a32014a48/103605/100964/give-me-peace-all-over-print-tote-bag.jpg?camera_label=person-1,https://images-api.printify.com/mockup/69dc3fceca0b9a8a32014a48/103605/100986/give-me-peace-all-over-print-tote-bag.jpg?camera_label=person-2}');
INSERT INTO public.merch_artwork_products (id, merch_product_id, artwork_id, printify_product_id, created_at, mockup_images) VALUES (295, 13, 28, '69dc05f75651a9952c0d143d', '2026-04-12 20:52:08.552503+00', '{https://images-api.printify.com/mockup/69dc05f75651a9952c0d143d/32912/98425/maybe-tomorrow-gildan-pullover-hoodie.jpg?camera_label=back,https://images-api.printify.com/mockup/69dc05f75651a9952c0d143d/32920/98427/maybe-tomorrow-gildan-pullover-hoodie.jpg?camera_label=person-1,https://images-api.printify.com/mockup/69dc05f75651a9952c0d143d/32920/100685/maybe-tomorrow-gildan-pullover-hoodie.jpg?camera_label=front-collar-closeup,https://images-api.printify.com/mockup/69dc05f75651a9952c0d143d/32920/100682/maybe-tomorrow-gildan-pullover-hoodie.jpg?camera_label=person-4-back,https://images-api.printify.com/mockup/69dc05f75651a9952c0d143d/32912/98432/maybe-tomorrow-gildan-pullover-hoodie.jpg?camera_label=folded}');
INSERT INTO public.merch_artwork_products (id, merch_product_id, artwork_id, printify_product_id, created_at, mockup_images) VALUES (331, 3, 30, '69dc2718b9e472791908a432', '2026-04-12 23:13:30.38975+00', '{https://images-api.printify.com/mockup/69dc2718b9e472791908a432/25397/98502/the-toast-gildan-crewneck-sweatshirt.jpg?camera_label=front,https://images-api.printify.com/mockup/69dc2718b9e472791908a432/25397/100650/the-toast-gildan-crewneck-sweatshirt.jpg?camera_label=person-5-left-sleeve,https://images-api.printify.com/mockup/69dc2718b9e472791908a432/25397/100649/the-toast-gildan-crewneck-sweatshirt.jpg?camera_label=person-5-right-sleeve,https://images-api.printify.com/mockup/69dc2718b9e472791908a432/25397/98504/the-toast-gildan-crewneck-sweatshirt.jpg?camera_label=person-1,https://images-api.printify.com/mockup/69dc2718b9e472791908a432/25397/98505/the-toast-gildan-crewneck-sweatshirt.jpg?camera_label=person-2}');
INSERT INTO public.merch_artwork_products (id, merch_product_id, artwork_id, printify_product_id, created_at, mockup_images) VALUES (342, 6, 22, '69dc3a8904285edc1204e10b', '2026-04-13 00:36:26.525265+00', '{https://images-api.printify.com/mockup/69dc3a8904285edc1204e10b/103599/100877/the-warm-waking-cold-all-over-print-tote-bag.jpg?camera_label=front,https://images-api.printify.com/mockup/69dc3a8904285edc1204e10b/103599/100933/the-warm-waking-cold-all-over-print-tote-bag.jpg?camera_label=back,https://images-api.printify.com/mockup/69dc3a8904285edc1204e10b/103599/100963/the-warm-waking-cold-all-over-print-tote-bag.jpg?camera_label=person-1,https://images-api.printify.com/mockup/69dc3a8904285edc1204e10b/103599/100985/the-warm-waking-cold-all-over-print-tote-bag.jpg?camera_label=person-2,https://images-api.printify.com/mockup/69dc3a8904285edc1204e10b/103605/100880/the-warm-waking-cold-all-over-print-tote-bag.jpg?camera_label=front,https://images-api.printify.com/mockup/69dc3a8904285edc1204e10b/103605/100939/the-warm-waking-cold-all-over-print-tote-bag.jpg?camera_label=back,https://images-api.printify.com/mockup/69dc3a8904285edc1204e10b/103605/100964/the-warm-waking-cold-all-over-print-tote-bag.jpg?camera_label=person-1,https://images-api.printify.com/mockup/69dc3a8904285edc1204e10b/103605/100986/the-warm-waking-cold-all-over-print-tote-bag.jpg?camera_label=person-2}');
INSERT INTO public.merch_artwork_products (id, merch_product_id, artwork_id, printify_product_id, created_at, mockup_images) VALUES (341, 6, 21, '69dc3a90e8f2cd193a0ec5ca', '2026-04-13 00:36:18.333888+00', '{https://images-api.printify.com/mockup/69dc3a90e8f2cd193a0ec5ca/103599/100877/grin-and-bear-it-all-over-print-tote-bag.jpg?camera_label=front,https://images-api.printify.com/mockup/69dc3a90e8f2cd193a0ec5ca/103599/100933/grin-and-bear-it-all-over-print-tote-bag.jpg?camera_label=back,https://images-api.printify.com/mockup/69dc3a90e8f2cd193a0ec5ca/103599/100963/grin-and-bear-it-all-over-print-tote-bag.jpg?camera_label=person-1,https://images-api.printify.com/mockup/69dc3a90e8f2cd193a0ec5ca/103599/100985/grin-and-bear-it-all-over-print-tote-bag.jpg?camera_label=person-2,https://images-api.printify.com/mockup/69dc3a90e8f2cd193a0ec5ca/103605/100880/grin-and-bear-it-all-over-print-tote-bag.jpg?camera_label=front,https://images-api.printify.com/mockup/69dc3a90e8f2cd193a0ec5ca/103605/100939/grin-and-bear-it-all-over-print-tote-bag.jpg?camera_label=back,https://images-api.printify.com/mockup/69dc3a90e8f2cd193a0ec5ca/103605/100964/grin-and-bear-it-all-over-print-tote-bag.jpg?camera_label=person-1,https://images-api.printify.com/mockup/69dc3a90e8f2cd193a0ec5ca/103605/100986/grin-and-bear-it-all-over-print-tote-bag.jpg?camera_label=person-2}');
INSERT INTO public.merch_artwork_products (id, merch_product_id, artwork_id, printify_product_id, created_at, mockup_images) VALUES (350, 6, 29, '69dc3fce3ff9b45b45048e50', '2026-04-13 00:58:55.304498+00', '{https://images-api.printify.com/mockup/69dc3fce3ff9b45b45048e50/103599/100877/our-lives-all-over-print-tote-bag.jpg?camera_label=front,https://images-api.printify.com/mockup/69dc3fce3ff9b45b45048e50/103599/100933/our-lives-all-over-print-tote-bag.jpg?camera_label=back,https://images-api.printify.com/mockup/69dc3fce3ff9b45b45048e50/103599/100963/our-lives-all-over-print-tote-bag.jpg?camera_label=person-1,https://images-api.printify.com/mockup/69dc3fce3ff9b45b45048e50/103599/100985/our-lives-all-over-print-tote-bag.jpg?camera_label=person-2,https://images-api.printify.com/mockup/69dc3fce3ff9b45b45048e50/103605/100880/our-lives-all-over-print-tote-bag.jpg?camera_label=front,https://images-api.printify.com/mockup/69dc3fce3ff9b45b45048e50/103605/100939/our-lives-all-over-print-tote-bag.jpg?camera_label=back,https://images-api.printify.com/mockup/69dc3fce3ff9b45b45048e50/103605/100964/our-lives-all-over-print-tote-bag.jpg?camera_label=person-1,https://images-api.printify.com/mockup/69dc3fce3ff9b45b45048e50/103605/100986/our-lives-all-over-print-tote-bag.jpg?camera_label=person-2}');
INSERT INTO public.merch_artwork_products (id, merch_product_id, artwork_id, printify_product_id, created_at, mockup_images) VALUES (351, 6, 33, '69dc3fcf7404a255250466b8', '2026-04-13 00:58:56.772354+00', '{https://images-api.printify.com/mockup/69dc3fcf7404a255250466b8/103599/100877/a-cry-for-help-all-over-print-tote-bag.jpg?camera_label=front,https://images-api.printify.com/mockup/69dc3fcf7404a255250466b8/103599/100933/a-cry-for-help-all-over-print-tote-bag.jpg?camera_label=back,https://images-api.printify.com/mockup/69dc3fcf7404a255250466b8/103599/100963/a-cry-for-help-all-over-print-tote-bag.jpg?camera_label=person-1,https://images-api.printify.com/mockup/69dc3fcf7404a255250466b8/103599/100985/a-cry-for-help-all-over-print-tote-bag.jpg?camera_label=person-2,https://images-api.printify.com/mockup/69dc3fcf7404a255250466b8/103605/100880/a-cry-for-help-all-over-print-tote-bag.jpg?camera_label=front,https://images-api.printify.com/mockup/69dc3fcf7404a255250466b8/103605/100939/a-cry-for-help-all-over-print-tote-bag.jpg?camera_label=back,https://images-api.printify.com/mockup/69dc3fcf7404a255250466b8/103605/100964/a-cry-for-help-all-over-print-tote-bag.jpg?camera_label=person-1,https://images-api.printify.com/mockup/69dc3fcf7404a255250466b8/103605/100986/a-cry-for-help-all-over-print-tote-bag.jpg?camera_label=person-2}');
INSERT INTO public.merch_artwork_products (id, merch_product_id, artwork_id, printify_product_id, created_at, mockup_images) VALUES (282, 13, 21, '69dbf796e8f2cd193a0ebab9', '2026-04-12 19:50:49.720151+00', '{https://images-api.printify.com/mockup/69dbf796e8f2cd193a0ebab9/32912/98425/grin-and-bear-it-gildan-pullover-hoodie.jpg?camera_label=back,https://images-api.printify.com/mockup/69dbf796e8f2cd193a0ebab9/32920/98427/grin-and-bear-it-gildan-pullover-hoodie.jpg?camera_label=person-1,https://images-api.printify.com/mockup/69dbf796e8f2cd193a0ebab9/32920/100685/grin-and-bear-it-gildan-pullover-hoodie.jpg?camera_label=front-collar-closeup,https://images-api.printify.com/mockup/69dbf796e8f2cd193a0ebab9/32920/100682/grin-and-bear-it-gildan-pullover-hoodie.jpg?camera_label=person-4-back,https://images-api.printify.com/mockup/69dbf796e8f2cd193a0ebab9/32912/98432/grin-and-bear-it-gildan-pullover-hoodie.jpg?camera_label=folded}');
INSERT INTO public.merch_artwork_products (id, merch_product_id, artwork_id, printify_product_id, created_at, mockup_images) VALUES (297, 5, 25, '69dc06157404a25525045b95', '2026-04-12 20:52:38.718994+00', '{https://images-api.printify.com/mockup/69dc06157404a25525045b95/67999/7971/give-me-peace-tough-phone-case.jpg?camera_label=front-and-side,https://images-api.printify.com/mockup/69dc06157404a25525045b95/68001/7973/give-me-peace-tough-phone-case.jpg?camera_label=front-and-side,https://images-api.printify.com/mockup/69dc06157404a25525045b95/68003/7975/give-me-peace-tough-phone-case.jpg?camera_label=front-and-side,https://images-api.printify.com/mockup/69dc06157404a25525045b95/75384/22090/give-me-peace-tough-phone-case.jpg?camera_label=front-and-side,https://images-api.printify.com/mockup/69dc06157404a25525045b95/75388/22094/give-me-peace-tough-phone-case.jpg?camera_label=front-and-side,https://images-api.printify.com/mockup/69dc06157404a25525045b95/75390/22096/give-me-peace-tough-phone-case.jpg?camera_label=front-and-side,https://images-api.printify.com/mockup/69dc06157404a25525045b95/96398/87999/give-me-peace-tough-phone-case.jpg?camera_label=front-and-side,https://images-api.printify.com/mockup/69dc06157404a25525045b95/96400/88001/give-me-peace-tough-phone-case.jpg?camera_label=front-and-side,https://images-api.printify.com/mockup/69dc06157404a25525045b95/96404/88002/give-me-peace-tough-phone-case.jpg?camera_label=front-and-side,https://images-api.printify.com/mockup/69dc06157404a25525045b95/102548/99493/give-me-peace-tough-phone-case.jpg?camera_label=front-and-side,https://images-api.printify.com/mockup/69dc06157404a25525045b95/102552/99495/give-me-peace-tough-phone-case.jpg?camera_label=front-and-side,https://images-api.printify.com/mockup/69dc06157404a25525045b95/102554/99496/give-me-peace-tough-phone-case.jpg?camera_label=front-and-side,https://images-api.printify.com/mockup/69dc06157404a25525045b95/112192/105691/give-me-peace-tough-phone-case.jpg?camera_label=front,https://images-api.printify.com/mockup/69dc06157404a25525045b95/112196/105695/give-me-peace-tough-phone-case.jpg?camera_label=front,https://images-api.printify.com/mockup/69dc06157404a25525045b95/112198/105697/give-me-peace-tough-phone-case.jpg?camera_label=front,https://images-api.printify.com/mockup/69dc06157404a25525045b95/80153/46726/give-me-peace-tough-phone-case.jpg?camera_label=front-and-side,https://images-api.printify.com/mockup/69dc06157404a25525045b95/96739/86593/give-me-peace-tough-phone-case.jpg?camera_label=front-and-side,https://images-api.printify.com/mockup/69dc06157404a25525045b95/105149/102069/give-me-peace-tough-phone-case.jpg?camera_label=front}');
INSERT INTO public.merch_artwork_products (id, merch_product_id, artwork_id, printify_product_id, created_at, mockup_images) VALUES (298, 1, 22, '69dc0615e8f2cd193a0ebd2d', '2026-04-12 20:52:38.891061+00', '{https://images-api.printify.com/mockup/69dc0615e8f2cd193a0ebd2d/73204/98445/the-warm-waking-cold-comfort-colors-t-shirt.jpg?camera_label=front,https://images-api.printify.com/mockup/69dc0615e8f2cd193a0ebd2d/73204/98446/the-warm-waking-cold-comfort-colors-t-shirt.jpg?camera_label=back,https://images-api.printify.com/mockup/69dc0615e8f2cd193a0ebd2d/73204/112433/the-warm-waking-cold-comfort-colors-t-shirt.jpg?camera_label=person-1-front,https://images-api.printify.com/mockup/69dc0615e8f2cd193a0ebd2d/73204/98448/the-warm-waking-cold-comfort-colors-t-shirt.jpg?camera_label=person-2,https://images-api.printify.com/mockup/69dc0615e8f2cd193a0ebd2d/73204/112434/the-warm-waking-cold-comfort-colors-t-shirt.jpg?camera_label=person-1-back}');
INSERT INTO public.merch_artwork_products (id, merch_product_id, artwork_id, printify_product_id, created_at, mockup_images) VALUES (299, 3, 24, '69dc06159bb7d82038088e7a', '2026-04-12 20:52:38.922542+00', '{https://images-api.printify.com/mockup/69dc06159bb7d82038088e7a/25397/98502/endure-gildan-crewneck-sweatshirt.jpg?camera_label=front,https://images-api.printify.com/mockup/69dc06159bb7d82038088e7a/25397/100650/endure-gildan-crewneck-sweatshirt.jpg?camera_label=person-5-left-sleeve,https://images-api.printify.com/mockup/69dc06159bb7d82038088e7a/25397/100649/endure-gildan-crewneck-sweatshirt.jpg?camera_label=person-5-right-sleeve,https://images-api.printify.com/mockup/69dc06159bb7d82038088e7a/25397/98504/endure-gildan-crewneck-sweatshirt.jpg?camera_label=person-1,https://images-api.printify.com/mockup/69dc06159bb7d82038088e7a/25397/98505/endure-gildan-crewneck-sweatshirt.jpg?camera_label=person-2}');
INSERT INTO public.merch_artwork_products (id, merch_product_id, artwork_id, printify_product_id, created_at, mockup_images) VALUES (300, 13, 23, '69dc0615ae80fef1270b1bb2', '2026-04-12 20:52:38.950031+00', '{https://images-api.printify.com/mockup/69dc0615ae80fef1270b1bb2/32912/98425/hands-to-yourself-gildan-pullover-hoodie.jpg?camera_label=back,https://images-api.printify.com/mockup/69dc0615ae80fef1270b1bb2/32920/98427/hands-to-yourself-gildan-pullover-hoodie.jpg?camera_label=person-1,https://images-api.printify.com/mockup/69dc0615ae80fef1270b1bb2/32920/100685/hands-to-yourself-gildan-pullover-hoodie.jpg?camera_label=front-collar-closeup,https://images-api.printify.com/mockup/69dc0615ae80fef1270b1bb2/32920/100682/hands-to-yourself-gildan-pullover-hoodie.jpg?camera_label=person-4-back,https://images-api.printify.com/mockup/69dc0615ae80fef1270b1bb2/32912/98432/hands-to-yourself-gildan-pullover-hoodie.jpg?camera_label=folded}');
INSERT INTO public.merch_artwork_products (id, merch_product_id, artwork_id, printify_product_id, created_at, mockup_images) VALUES (332, 3, 29, '69dc2986b9e472791908a4a6', '2026-04-12 23:23:55.37523+00', '{https://images-api.printify.com/mockup/69dc2986b9e472791908a4a6/25397/98502/our-lives-gildan-crewneck-sweatshirt.jpg?camera_label=front,https://images-api.printify.com/mockup/69dc2986b9e472791908a4a6/25397/100650/our-lives-gildan-crewneck-sweatshirt.jpg?camera_label=person-5-left-sleeve,https://images-api.printify.com/mockup/69dc2986b9e472791908a4a6/25397/100649/our-lives-gildan-crewneck-sweatshirt.jpg?camera_label=person-5-right-sleeve,https://images-api.printify.com/mockup/69dc2986b9e472791908a4a6/25397/98504/our-lives-gildan-crewneck-sweatshirt.jpg?camera_label=person-1,https://images-api.printify.com/mockup/69dc2986b9e472791908a4a6/25397/98505/our-lives-gildan-crewneck-sweatshirt.jpg?camera_label=person-2}');
INSERT INTO public.merch_artwork_products (id, merch_product_id, artwork_id, printify_product_id, created_at, mockup_images) VALUES (343, 6, 32, '69dc3a9dcca0c3b3780bdc41', '2026-04-13 00:36:45.546129+00', '{https://images-api.printify.com/mockup/69dc3a9dcca0c3b3780bdc41/103599/100877/untitled-02-all-over-print-tote-bag.jpg?camera_label=front,https://images-api.printify.com/mockup/69dc3a9dcca0c3b3780bdc41/103599/100933/untitled-02-all-over-print-tote-bag.jpg?camera_label=back,https://images-api.printify.com/mockup/69dc3a9dcca0c3b3780bdc41/103599/100963/untitled-02-all-over-print-tote-bag.jpg?camera_label=person-1,https://images-api.printify.com/mockup/69dc3a9dcca0c3b3780bdc41/103599/100985/untitled-02-all-over-print-tote-bag.jpg?camera_label=person-2,https://images-api.printify.com/mockup/69dc3a9dcca0c3b3780bdc41/103605/100880/untitled-02-all-over-print-tote-bag.jpg?camera_label=front,https://images-api.printify.com/mockup/69dc3a9dcca0c3b3780bdc41/103605/100939/untitled-02-all-over-print-tote-bag.jpg?camera_label=back,https://images-api.printify.com/mockup/69dc3a9dcca0c3b3780bdc41/103605/100964/untitled-02-all-over-print-tote-bag.jpg?camera_label=person-1,https://images-api.printify.com/mockup/69dc3a9dcca0c3b3780bdc41/103605/100986/untitled-02-all-over-print-tote-bag.jpg?camera_label=person-2}');
INSERT INTO public.merch_artwork_products (id, merch_product_id, artwork_id, printify_product_id, created_at, mockup_images) VALUES (352, 6, 34, '69dc4081a6714c1fd5036e20', '2026-04-13 01:01:55.740464+00', '{https://images-api.printify.com/mockup/69dc4081a6714c1fd5036e20/103599/100877/untitled-04-all-over-print-tote-bag.jpg?camera_label=front,https://images-api.printify.com/mockup/69dc4081a6714c1fd5036e20/103599/100933/untitled-04-all-over-print-tote-bag.jpg?camera_label=back,https://images-api.printify.com/mockup/69dc4081a6714c1fd5036e20/103599/100963/untitled-04-all-over-print-tote-bag.jpg?camera_label=person-1,https://images-api.printify.com/mockup/69dc4081a6714c1fd5036e20/103599/100985/untitled-04-all-over-print-tote-bag.jpg?camera_label=person-2,https://images-api.printify.com/mockup/69dc4081a6714c1fd5036e20/103605/100880/untitled-04-all-over-print-tote-bag.jpg?camera_label=front,https://images-api.printify.com/mockup/69dc4081a6714c1fd5036e20/103605/100939/untitled-04-all-over-print-tote-bag.jpg?camera_label=back,https://images-api.printify.com/mockup/69dc4081a6714c1fd5036e20/103605/100964/untitled-04-all-over-print-tote-bag.jpg?camera_label=person-1,https://images-api.printify.com/mockup/69dc4081a6714c1fd5036e20/103605/100986/untitled-04-all-over-print-tote-bag.jpg?camera_label=person-2}');
INSERT INTO public.merch_artwork_products (id, merch_product_id, artwork_id, printify_product_id, created_at, mockup_images) VALUES (283, 13, 26, '69dbf85aa6714c1fd503615e', '2026-04-12 19:54:03.411222+00', '{https://images-api.printify.com/mockup/69dbf85aa6714c1fd503615e/32912/98425/hilarity-gildan-pullover-hoodie.jpg?camera_label=back,https://images-api.printify.com/mockup/69dbf85aa6714c1fd503615e/32920/98427/hilarity-gildan-pullover-hoodie.jpg?camera_label=person-1,https://images-api.printify.com/mockup/69dbf85aa6714c1fd503615e/32920/100685/hilarity-gildan-pullover-hoodie.jpg?camera_label=front-collar-closeup,https://images-api.printify.com/mockup/69dbf85aa6714c1fd503615e/32920/100682/hilarity-gildan-pullover-hoodie.jpg?camera_label=person-4-back,https://images-api.printify.com/mockup/69dbf85aa6714c1fd503615e/32912/98432/hilarity-gildan-pullover-hoodie.jpg?camera_label=folded}');
INSERT INTO public.merch_artwork_products (id, merch_product_id, artwork_id, printify_product_id, created_at, mockup_images) VALUES (333, 3, 37, '69dc29f07404a2552504627b', '2026-04-12 23:25:41.536113+00', '{https://images-api.printify.com/mockup/69dc29f07404a2552504627b/25397/98502/the-lights-too-bright-the-sound-too-loud-gildan-crewneck-sweatshirt.jpg?camera_label=front,https://images-api.printify.com/mockup/69dc29f07404a2552504627b/25397/100650/the-lights-too-bright-the-sound-too-loud-gildan-crewneck-sweatshirt.jpg?camera_label=person-5-left-sleeve,https://images-api.printify.com/mockup/69dc29f07404a2552504627b/25397/100649/the-lights-too-bright-the-sound-too-loud-gildan-crewneck-sweatshirt.jpg?camera_label=person-5-right-sleeve,https://images-api.printify.com/mockup/69dc29f07404a2552504627b/25397/98504/the-lights-too-bright-the-sound-too-loud-gildan-crewneck-sweatshirt.jpg?camera_label=person-1,https://images-api.printify.com/mockup/69dc29f07404a2552504627b/25397/98505/the-lights-too-bright-the-sound-too-loud-gildan-crewneck-sweatshirt.jpg?camera_label=person-2}');
INSERT INTO public.merch_artwork_products (id, merch_product_id, artwork_id, printify_product_id, created_at, mockup_images) VALUES (344, 6, 37, '69dc3aae23e92aa6b80d26ee', '2026-04-13 00:37:03.980516+00', '{https://images-api.printify.com/mockup/69dc3aae23e92aa6b80d26ee/103599/100877/the-lights-too-bright-the-sound-too-loud-all-over-print-tote-bag.jpg?camera_label=front,https://images-api.printify.com/mockup/69dc3aae23e92aa6b80d26ee/103599/100933/the-lights-too-bright-the-sound-too-loud-all-over-print-tote-bag.jpg?camera_label=back,https://images-api.printify.com/mockup/69dc3aae23e92aa6b80d26ee/103599/100963/the-lights-too-bright-the-sound-too-loud-all-over-print-tote-bag.jpg?camera_label=person-1,https://images-api.printify.com/mockup/69dc3aae23e92aa6b80d26ee/103599/100985/the-lights-too-bright-the-sound-too-loud-all-over-print-tote-bag.jpg?camera_label=person-2,https://images-api.printify.com/mockup/69dc3aae23e92aa6b80d26ee/103605/100880/the-lights-too-bright-the-sound-too-loud-all-over-print-tote-bag.jpg?camera_label=front,https://images-api.printify.com/mockup/69dc3aae23e92aa6b80d26ee/103605/100939/the-lights-too-bright-the-sound-too-loud-all-over-print-tote-bag.jpg?camera_label=back,https://images-api.printify.com/mockup/69dc3aae23e92aa6b80d26ee/103605/100964/the-lights-too-bright-the-sound-too-loud-all-over-print-tote-bag.jpg?camera_label=person-1,https://images-api.printify.com/mockup/69dc3aae23e92aa6b80d26ee/103605/100986/the-lights-too-bright-the-sound-too-loud-all-over-print-tote-bag.jpg?camera_label=person-2}');
INSERT INTO public.merch_artwork_products (id, merch_product_id, artwork_id, printify_product_id, created_at, mockup_images) VALUES (284, 5, 24, '69dbf8ae9bb7d82038088c35', '2026-04-12 19:55:26.962532+00', '{https://images-api.printify.com/mockup/69dbf8ae9bb7d82038088c35/67999/7971/endure-tough-phone-case.jpg?camera_label=front-and-side,https://images-api.printify.com/mockup/69dbf8ae9bb7d82038088c35/68001/7973/endure-tough-phone-case.jpg?camera_label=front-and-side,https://images-api.printify.com/mockup/69dbf8ae9bb7d82038088c35/68003/7975/endure-tough-phone-case.jpg?camera_label=front-and-side,https://images-api.printify.com/mockup/69dbf8ae9bb7d82038088c35/75384/22090/endure-tough-phone-case.jpg?camera_label=front-and-side,https://images-api.printify.com/mockup/69dbf8ae9bb7d82038088c35/75388/22094/endure-tough-phone-case.jpg?camera_label=front-and-side,https://images-api.printify.com/mockup/69dbf8ae9bb7d82038088c35/75390/22096/endure-tough-phone-case.jpg?camera_label=front-and-side,https://images-api.printify.com/mockup/69dbf8ae9bb7d82038088c35/96398/87999/endure-tough-phone-case.jpg?camera_label=front-and-side,https://images-api.printify.com/mockup/69dbf8ae9bb7d82038088c35/96400/88001/endure-tough-phone-case.jpg?camera_label=front-and-side,https://images-api.printify.com/mockup/69dbf8ae9bb7d82038088c35/96404/88002/endure-tough-phone-case.jpg?camera_label=front-and-side,https://images-api.printify.com/mockup/69dbf8ae9bb7d82038088c35/102548/99493/endure-tough-phone-case.jpg?camera_label=front-and-side,https://images-api.printify.com/mockup/69dbf8ae9bb7d82038088c35/102552/99495/endure-tough-phone-case.jpg?camera_label=front-and-side,https://images-api.printify.com/mockup/69dbf8ae9bb7d82038088c35/102554/99496/endure-tough-phone-case.jpg?camera_label=front-and-side,https://images-api.printify.com/mockup/69dbf8ae9bb7d82038088c35/112192/105691/endure-tough-phone-case.jpg?camera_label=front,https://images-api.printify.com/mockup/69dbf8ae9bb7d82038088c35/112196/105695/endure-tough-phone-case.jpg?camera_label=front,https://images-api.printify.com/mockup/69dbf8ae9bb7d82038088c35/112198/105697/endure-tough-phone-case.jpg?camera_label=front,https://images-api.printify.com/mockup/69dbf8ae9bb7d82038088c35/80153/46726/endure-tough-phone-case.jpg?camera_label=front-and-side,https://images-api.printify.com/mockup/69dbf8ae9bb7d82038088c35/96739/86593/endure-tough-phone-case.jpg?camera_label=front-and-side,https://images-api.printify.com/mockup/69dbf8ae9bb7d82038088c35/105149/102069/endure-tough-phone-case.jpg?camera_label=front}');
INSERT INTO public.merch_artwork_products (id, merch_product_id, artwork_id, printify_product_id, created_at, mockup_images) VALUES (302, 5, 22, '69dc08b83ff9b45b4504851a', '2026-04-12 21:03:53.528625+00', '{https://images-api.printify.com/mockup/69dc08b83ff9b45b4504851a/67999/7971/the-warm-waking-cold-tough-phone-case.jpg?camera_label=front-and-side,https://images-api.printify.com/mockup/69dc08b83ff9b45b4504851a/68001/7973/the-warm-waking-cold-tough-phone-case.jpg?camera_label=front-and-side,https://images-api.printify.com/mockup/69dc08b83ff9b45b4504851a/68003/7975/the-warm-waking-cold-tough-phone-case.jpg?camera_label=front-and-side,https://images-api.printify.com/mockup/69dc08b83ff9b45b4504851a/75384/22090/the-warm-waking-cold-tough-phone-case.jpg?camera_label=front-and-side,https://images-api.printify.com/mockup/69dc08b83ff9b45b4504851a/75388/22094/the-warm-waking-cold-tough-phone-case.jpg?camera_label=front-and-side,https://images-api.printify.com/mockup/69dc08b83ff9b45b4504851a/75390/22096/the-warm-waking-cold-tough-phone-case.jpg?camera_label=front-and-side,https://images-api.printify.com/mockup/69dc08b83ff9b45b4504851a/96398/87999/the-warm-waking-cold-tough-phone-case.jpg?camera_label=front-and-side,https://images-api.printify.com/mockup/69dc08b83ff9b45b4504851a/96400/88001/the-warm-waking-cold-tough-phone-case.jpg?camera_label=front-and-side,https://images-api.printify.com/mockup/69dc08b83ff9b45b4504851a/96404/88002/the-warm-waking-cold-tough-phone-case.jpg?camera_label=front-and-side,https://images-api.printify.com/mockup/69dc08b83ff9b45b4504851a/102548/99493/the-warm-waking-cold-tough-phone-case.jpg?camera_label=front-and-side,https://images-api.printify.com/mockup/69dc08b83ff9b45b4504851a/102552/99495/the-warm-waking-cold-tough-phone-case.jpg?camera_label=front-and-side,https://images-api.printify.com/mockup/69dc08b83ff9b45b4504851a/102554/99496/the-warm-waking-cold-tough-phone-case.jpg?camera_label=front-and-side,https://images-api.printify.com/mockup/69dc08b83ff9b45b4504851a/112192/105691/the-warm-waking-cold-tough-phone-case.jpg?camera_label=front,https://images-api.printify.com/mockup/69dc08b83ff9b45b4504851a/112196/105695/the-warm-waking-cold-tough-phone-case.jpg?camera_label=front,https://images-api.printify.com/mockup/69dc08b83ff9b45b4504851a/112198/105697/the-warm-waking-cold-tough-phone-case.jpg?camera_label=front,https://images-api.printify.com/mockup/69dc08b83ff9b45b4504851a/80153/46726/the-warm-waking-cold-tough-phone-case.jpg?camera_label=front-and-side,https://images-api.printify.com/mockup/69dc08b83ff9b45b4504851a/96739/86593/the-warm-waking-cold-tough-phone-case.jpg?camera_label=front-and-side,https://images-api.printify.com/mockup/69dc08b83ff9b45b4504851a/105149/102069/the-warm-waking-cold-tough-phone-case.jpg?camera_label=front}');
INSERT INTO public.merch_artwork_products (id, merch_product_id, artwork_id, printify_product_id, created_at, mockup_images) VALUES (303, 5, 23, '69dc08bed21aa5ff4f0e22aa', '2026-04-12 21:03:59.709325+00', '{https://images-api.printify.com/mockup/69dc08bed21aa5ff4f0e22aa/67999/7971/hands-to-yourself-tough-phone-case.jpg?camera_label=front-and-side,https://images-api.printify.com/mockup/69dc08bed21aa5ff4f0e22aa/68001/7973/hands-to-yourself-tough-phone-case.jpg?camera_label=front-and-side,https://images-api.printify.com/mockup/69dc08bed21aa5ff4f0e22aa/68003/7975/hands-to-yourself-tough-phone-case.jpg?camera_label=front-and-side,https://images-api.printify.com/mockup/69dc08bed21aa5ff4f0e22aa/75384/22090/hands-to-yourself-tough-phone-case.jpg?camera_label=front-and-side,https://images-api.printify.com/mockup/69dc08bed21aa5ff4f0e22aa/75388/22094/hands-to-yourself-tough-phone-case.jpg?camera_label=front-and-side,https://images-api.printify.com/mockup/69dc08bed21aa5ff4f0e22aa/75390/22096/hands-to-yourself-tough-phone-case.jpg?camera_label=front-and-side,https://images-api.printify.com/mockup/69dc08bed21aa5ff4f0e22aa/96398/87999/hands-to-yourself-tough-phone-case.jpg?camera_label=front-and-side,https://images-api.printify.com/mockup/69dc08bed21aa5ff4f0e22aa/96400/88001/hands-to-yourself-tough-phone-case.jpg?camera_label=front-and-side,https://images-api.printify.com/mockup/69dc08bed21aa5ff4f0e22aa/96404/88002/hands-to-yourself-tough-phone-case.jpg?camera_label=front-and-side,https://images-api.printify.com/mockup/69dc08bed21aa5ff4f0e22aa/102548/99493/hands-to-yourself-tough-phone-case.jpg?camera_label=front-and-side,https://images-api.printify.com/mockup/69dc08bed21aa5ff4f0e22aa/102552/99495/hands-to-yourself-tough-phone-case.jpg?camera_label=front-and-side,https://images-api.printify.com/mockup/69dc08bed21aa5ff4f0e22aa/102554/99496/hands-to-yourself-tough-phone-case.jpg?camera_label=front-and-side,https://images-api.printify.com/mockup/69dc08bed21aa5ff4f0e22aa/112192/105691/hands-to-yourself-tough-phone-case.jpg?camera_label=front,https://images-api.printify.com/mockup/69dc08bed21aa5ff4f0e22aa/112196/105695/hands-to-yourself-tough-phone-case.jpg?camera_label=front,https://images-api.printify.com/mockup/69dc08bed21aa5ff4f0e22aa/112198/105697/hands-to-yourself-tough-phone-case.jpg?camera_label=front,https://images-api.printify.com/mockup/69dc08bed21aa5ff4f0e22aa/80153/46726/hands-to-yourself-tough-phone-case.jpg?camera_label=front-and-side,https://images-api.printify.com/mockup/69dc08bed21aa5ff4f0e22aa/96739/86593/hands-to-yourself-tough-phone-case.jpg?camera_label=front-and-side,https://images-api.printify.com/mockup/69dc08bed21aa5ff4f0e22aa/105149/102069/hands-to-yourself-tough-phone-case.jpg?camera_label=front}');
INSERT INTO public.merch_artwork_products (id, merch_product_id, artwork_id, printify_product_id, created_at, mockup_images) VALUES (322, 14, 21, '69dc1e3ce886ba0003080913', '2026-04-12 22:35:40.925664+00', '{https://images-api.printify.com/mockup/69dc1e3ce886ba0003080913/75288/22300/grin-and-bear-it-fine-art-print.jpg?camera_label=front}');
INSERT INTO public.merch_artwork_products (id, merch_product_id, artwork_id, printify_product_id, created_at, mockup_images) VALUES (334, 3, 32, '69dc2a06b9e472791908a4b3', '2026-04-12 23:26:01.095094+00', '{https://images-api.printify.com/mockup/69dc2a06b9e472791908a4b3/25397/98502/untitled-02-gildan-crewneck-sweatshirt.jpg?camera_label=front,https://images-api.printify.com/mockup/69dc2a06b9e472791908a4b3/25397/100650/untitled-02-gildan-crewneck-sweatshirt.jpg?camera_label=person-5-left-sleeve,https://images-api.printify.com/mockup/69dc2a06b9e472791908a4b3/25397/100649/untitled-02-gildan-crewneck-sweatshirt.jpg?camera_label=person-5-right-sleeve,https://images-api.printify.com/mockup/69dc2a06b9e472791908a4b3/25397/98504/untitled-02-gildan-crewneck-sweatshirt.jpg?camera_label=person-1,https://images-api.printify.com/mockup/69dc2a06b9e472791908a4b3/25397/98505/untitled-02-gildan-crewneck-sweatshirt.jpg?camera_label=person-2}');
INSERT INTO public.merch_artwork_products (id, merch_product_id, artwork_id, printify_product_id, created_at, mockup_images) VALUES (345, 6, 26, '69dc3addcca0c3b3780bdc4a', '2026-04-13 00:37:50.026036+00', '{https://images-api.printify.com/mockup/69dc3addcca0c3b3780bdc4a/103599/100877/hilarity-all-over-print-tote-bag.jpg?camera_label=front,https://images-api.printify.com/mockup/69dc3addcca0c3b3780bdc4a/103599/100933/hilarity-all-over-print-tote-bag.jpg?camera_label=back,https://images-api.printify.com/mockup/69dc3addcca0c3b3780bdc4a/103599/100963/hilarity-all-over-print-tote-bag.jpg?camera_label=person-1,https://images-api.printify.com/mockup/69dc3addcca0c3b3780bdc4a/103599/100985/hilarity-all-over-print-tote-bag.jpg?camera_label=person-2,https://images-api.printify.com/mockup/69dc3addcca0c3b3780bdc4a/103605/100880/hilarity-all-over-print-tote-bag.jpg?camera_label=front,https://images-api.printify.com/mockup/69dc3addcca0c3b3780bdc4a/103605/100939/hilarity-all-over-print-tote-bag.jpg?camera_label=back,https://images-api.printify.com/mockup/69dc3addcca0c3b3780bdc4a/103605/100964/hilarity-all-over-print-tote-bag.jpg?camera_label=person-1,https://images-api.printify.com/mockup/69dc3addcca0c3b3780bdc4a/103605/100986/hilarity-all-over-print-tote-bag.jpg?camera_label=person-2}');
INSERT INTO public.merch_artwork_products (id, merch_product_id, artwork_id, printify_product_id, created_at, mockup_images) VALUES (285, 5, 21, '69dbf8d623e92aa6b80d1a50', '2026-04-12 19:56:07.840364+00', '{https://images-api.printify.com/mockup/69dbf8d623e92aa6b80d1a50/67999/7971/grin-and-bear-it-tough-phone-case.jpg?camera_label=front-and-side,https://images-api.printify.com/mockup/69dbf8d623e92aa6b80d1a50/68001/7973/grin-and-bear-it-tough-phone-case.jpg?camera_label=front-and-side,https://images-api.printify.com/mockup/69dbf8d623e92aa6b80d1a50/68003/7975/grin-and-bear-it-tough-phone-case.jpg?camera_label=front-and-side,https://images-api.printify.com/mockup/69dbf8d623e92aa6b80d1a50/75384/22090/grin-and-bear-it-tough-phone-case.jpg?camera_label=front-and-side,https://images-api.printify.com/mockup/69dbf8d623e92aa6b80d1a50/75388/22094/grin-and-bear-it-tough-phone-case.jpg?camera_label=front-and-side,https://images-api.printify.com/mockup/69dbf8d623e92aa6b80d1a50/75390/22096/grin-and-bear-it-tough-phone-case.jpg?camera_label=front-and-side,https://images-api.printify.com/mockup/69dbf8d623e92aa6b80d1a50/96398/87999/grin-and-bear-it-tough-phone-case.jpg?camera_label=front-and-side,https://images-api.printify.com/mockup/69dbf8d623e92aa6b80d1a50/96400/88001/grin-and-bear-it-tough-phone-case.jpg?camera_label=front-and-side,https://images-api.printify.com/mockup/69dbf8d623e92aa6b80d1a50/96404/88002/grin-and-bear-it-tough-phone-case.jpg?camera_label=front-and-side,https://images-api.printify.com/mockup/69dbf8d623e92aa6b80d1a50/102548/99493/grin-and-bear-it-tough-phone-case.jpg?camera_label=front-and-side,https://images-api.printify.com/mockup/69dbf8d623e92aa6b80d1a50/102552/99495/grin-and-bear-it-tough-phone-case.jpg?camera_label=front-and-side,https://images-api.printify.com/mockup/69dbf8d623e92aa6b80d1a50/102554/99496/grin-and-bear-it-tough-phone-case.jpg?camera_label=front-and-side,https://images-api.printify.com/mockup/69dbf8d623e92aa6b80d1a50/112192/105691/grin-and-bear-it-tough-phone-case.jpg?camera_label=front,https://images-api.printify.com/mockup/69dbf8d623e92aa6b80d1a50/112196/105695/grin-and-bear-it-tough-phone-case.jpg?camera_label=front,https://images-api.printify.com/mockup/69dbf8d623e92aa6b80d1a50/112198/105697/grin-and-bear-it-tough-phone-case.jpg?camera_label=front,https://images-api.printify.com/mockup/69dbf8d623e92aa6b80d1a50/80153/46726/grin-and-bear-it-tough-phone-case.jpg?camera_label=front-and-side,https://images-api.printify.com/mockup/69dbf8d623e92aa6b80d1a50/96739/86593/grin-and-bear-it-tough-phone-case.jpg?camera_label=front-and-side,https://images-api.printify.com/mockup/69dbf8d623e92aa6b80d1a50/105149/102069/grin-and-bear-it-tough-phone-case.jpg?camera_label=front}');
INSERT INTO public.merch_artwork_products (id, merch_product_id, artwork_id, printify_product_id, created_at, mockup_images) VALUES (286, 5, 29, '69dbf8e404285edc1204d5ee', '2026-04-12 19:56:21.898216+00', '{https://images-api.printify.com/mockup/69dbf8e404285edc1204d5ee/67999/7971/our-lives-tough-phone-case.jpg?camera_label=front-and-side,https://images-api.printify.com/mockup/69dbf8e404285edc1204d5ee/68001/7973/our-lives-tough-phone-case.jpg?camera_label=front-and-side,https://images-api.printify.com/mockup/69dbf8e404285edc1204d5ee/68003/7975/our-lives-tough-phone-case.jpg?camera_label=front-and-side,https://images-api.printify.com/mockup/69dbf8e404285edc1204d5ee/75384/22090/our-lives-tough-phone-case.jpg?camera_label=front-and-side,https://images-api.printify.com/mockup/69dbf8e404285edc1204d5ee/75388/22094/our-lives-tough-phone-case.jpg?camera_label=front-and-side,https://images-api.printify.com/mockup/69dbf8e404285edc1204d5ee/75390/22096/our-lives-tough-phone-case.jpg?camera_label=front-and-side,https://images-api.printify.com/mockup/69dbf8e404285edc1204d5ee/96398/87999/our-lives-tough-phone-case.jpg?camera_label=front-and-side,https://images-api.printify.com/mockup/69dbf8e404285edc1204d5ee/96400/88001/our-lives-tough-phone-case.jpg?camera_label=front-and-side,https://images-api.printify.com/mockup/69dbf8e404285edc1204d5ee/96404/88002/our-lives-tough-phone-case.jpg?camera_label=front-and-side,https://images-api.printify.com/mockup/69dbf8e404285edc1204d5ee/102548/99493/our-lives-tough-phone-case.jpg?camera_label=front-and-side,https://images-api.printify.com/mockup/69dbf8e404285edc1204d5ee/102552/99495/our-lives-tough-phone-case.jpg?camera_label=front-and-side,https://images-api.printify.com/mockup/69dbf8e404285edc1204d5ee/102554/99496/our-lives-tough-phone-case.jpg?camera_label=front-and-side,https://images-api.printify.com/mockup/69dbf8e404285edc1204d5ee/112192/105691/our-lives-tough-phone-case.jpg?camera_label=front,https://images-api.printify.com/mockup/69dbf8e404285edc1204d5ee/112196/105695/our-lives-tough-phone-case.jpg?camera_label=front,https://images-api.printify.com/mockup/69dbf8e404285edc1204d5ee/112198/105697/our-lives-tough-phone-case.jpg?camera_label=front,https://images-api.printify.com/mockup/69dbf8e404285edc1204d5ee/80153/46726/our-lives-tough-phone-case.jpg?camera_label=front-and-side,https://images-api.printify.com/mockup/69dbf8e404285edc1204d5ee/96739/86593/our-lives-tough-phone-case.jpg?camera_label=front-and-side,https://images-api.printify.com/mockup/69dbf8e404285edc1204d5ee/105149/102069/our-lives-tough-phone-case.jpg?camera_label=front}');
INSERT INTO public.merch_artwork_products (id, merch_product_id, artwork_id, printify_product_id, created_at, mockup_images) VALUES (287, 5, 31, '69dbf8ec631ca9e1ce04cb27', '2026-04-12 19:56:34.308595+00', '{https://images-api.printify.com/mockup/69dbf8ec631ca9e1ce04cb27/67999/7971/hope-far-away-hope-tough-phone-case.jpg?camera_label=front-and-side,https://images-api.printify.com/mockup/69dbf8ec631ca9e1ce04cb27/68001/7973/hope-far-away-hope-tough-phone-case.jpg?camera_label=front-and-side,https://images-api.printify.com/mockup/69dbf8ec631ca9e1ce04cb27/68003/7975/hope-far-away-hope-tough-phone-case.jpg?camera_label=front-and-side,https://images-api.printify.com/mockup/69dbf8ec631ca9e1ce04cb27/75384/22090/hope-far-away-hope-tough-phone-case.jpg?camera_label=front-and-side,https://images-api.printify.com/mockup/69dbf8ec631ca9e1ce04cb27/75388/22094/hope-far-away-hope-tough-phone-case.jpg?camera_label=front-and-side,https://images-api.printify.com/mockup/69dbf8ec631ca9e1ce04cb27/75390/22096/hope-far-away-hope-tough-phone-case.jpg?camera_label=front-and-side,https://images-api.printify.com/mockup/69dbf8ec631ca9e1ce04cb27/96398/87999/hope-far-away-hope-tough-phone-case.jpg?camera_label=front-and-side,https://images-api.printify.com/mockup/69dbf8ec631ca9e1ce04cb27/96400/88001/hope-far-away-hope-tough-phone-case.jpg?camera_label=front-and-side,https://images-api.printify.com/mockup/69dbf8ec631ca9e1ce04cb27/96404/88002/hope-far-away-hope-tough-phone-case.jpg?camera_label=front-and-side,https://images-api.printify.com/mockup/69dbf8ec631ca9e1ce04cb27/102548/99493/hope-far-away-hope-tough-phone-case.jpg?camera_label=front-and-side,https://images-api.printify.com/mockup/69dbf8ec631ca9e1ce04cb27/102552/99495/hope-far-away-hope-tough-phone-case.jpg?camera_label=front-and-side,https://images-api.printify.com/mockup/69dbf8ec631ca9e1ce04cb27/102554/99496/hope-far-away-hope-tough-phone-case.jpg?camera_label=front-and-side,https://images-api.printify.com/mockup/69dbf8ec631ca9e1ce04cb27/112192/105691/hope-far-away-hope-tough-phone-case.jpg?camera_label=front,https://images-api.printify.com/mockup/69dbf8ec631ca9e1ce04cb27/112196/105695/hope-far-away-hope-tough-phone-case.jpg?camera_label=front,https://images-api.printify.com/mockup/69dbf8ec631ca9e1ce04cb27/112198/105697/hope-far-away-hope-tough-phone-case.jpg?camera_label=front,https://images-api.printify.com/mockup/69dbf8ec631ca9e1ce04cb27/80153/46726/hope-far-away-hope-tough-phone-case.jpg?camera_label=front-and-side,https://images-api.printify.com/mockup/69dbf8ec631ca9e1ce04cb27/96739/86593/hope-far-away-hope-tough-phone-case.jpg?camera_label=front-and-side,https://images-api.printify.com/mockup/69dbf8ec631ca9e1ce04cb27/105149/102069/hope-far-away-hope-tough-phone-case.jpg?camera_label=front}');
INSERT INTO public.merch_artwork_products (id, merch_product_id, artwork_id, printify_product_id, created_at, mockup_images) VALUES (323, 14, 34, '69dc1e53631ca9e1ce04d193', '2026-04-12 22:36:04.435482+00', '{https://images-api.printify.com/mockup/69dc1e53631ca9e1ce04d193/75299/22299/untitled-04-fine-art-print.jpg?camera_label=front}');
INSERT INTO public.merch_artwork_products (id, merch_product_id, artwork_id, printify_product_id, created_at, mockup_images) VALUES (346, 6, 31, '69dc3c6523e92aa6b80d2742', '2026-04-13 00:44:22.246831+00', '{https://images-api.printify.com/mockup/69dc3c6523e92aa6b80d2742/103599/100877/hope-far-away-hope-all-over-print-tote-bag.jpg?camera_label=front,https://images-api.printify.com/mockup/69dc3c6523e92aa6b80d2742/103599/100933/hope-far-away-hope-all-over-print-tote-bag.jpg?camera_label=back,https://images-api.printify.com/mockup/69dc3c6523e92aa6b80d2742/103599/100963/hope-far-away-hope-all-over-print-tote-bag.jpg?camera_label=person-1,https://images-api.printify.com/mockup/69dc3c6523e92aa6b80d2742/103599/100985/hope-far-away-hope-all-over-print-tote-bag.jpg?camera_label=person-2,https://images-api.printify.com/mockup/69dc3c6523e92aa6b80d2742/103605/100880/hope-far-away-hope-all-over-print-tote-bag.jpg?camera_label=front,https://images-api.printify.com/mockup/69dc3c6523e92aa6b80d2742/103605/100939/hope-far-away-hope-all-over-print-tote-bag.jpg?camera_label=back,https://images-api.printify.com/mockup/69dc3c6523e92aa6b80d2742/103605/100964/hope-far-away-hope-all-over-print-tote-bag.jpg?camera_label=person-1,https://images-api.printify.com/mockup/69dc3c6523e92aa6b80d2742/103605/100986/hope-far-away-hope-all-over-print-tote-bag.jpg?camera_label=person-2}');
INSERT INTO public.merch_artwork_products (id, merch_product_id, artwork_id, printify_product_id, created_at, mockup_images) VALUES (288, 3, 31, '69dbfe082d7b2c1506092f64', '2026-04-12 20:18:20.546809+00', '{https://images-api.printify.com/mockup/69dbfe082d7b2c1506092f64/25397/98502/hope-far-away-hope-gildan-crewneck-sweatshirt.jpg?camera_label=front,https://images-api.printify.com/mockup/69dbfe082d7b2c1506092f64/25397/100650/hope-far-away-hope-gildan-crewneck-sweatshirt.jpg?camera_label=person-5-left-sleeve,https://images-api.printify.com/mockup/69dbfe082d7b2c1506092f64/25397/100649/hope-far-away-hope-gildan-crewneck-sweatshirt.jpg?camera_label=person-5-right-sleeve,https://images-api.printify.com/mockup/69dbfe082d7b2c1506092f64/25397/98504/hope-far-away-hope-gildan-crewneck-sweatshirt.jpg?camera_label=person-1,https://images-api.printify.com/mockup/69dbfe082d7b2c1506092f64/25397/98505/hope-far-away-hope-gildan-crewneck-sweatshirt.jpg?camera_label=person-2}');
INSERT INTO public.merch_artwork_products (id, merch_product_id, artwork_id, printify_product_id, created_at, mockup_images) VALUES (324, 14, 30, '69dc1e627404a25525046026', '2026-04-12 22:36:19.52689+00', '{https://images-api.printify.com/mockup/69dc1e627404a25525046026/75288/22300/the-toast-fine-art-print.jpg?camera_label=front}');
INSERT INTO public.merch_artwork_products (id, merch_product_id, artwork_id, printify_product_id, created_at, mockup_images) VALUES (325, 14, 24, '69dc1e6c55e695e2d6055a34', '2026-04-12 22:36:28.701787+00', '{https://images-api.printify.com/mockup/69dc1e6c55e695e2d6055a34/75288/22300/endure-fine-art-print.jpg?camera_label=front}');
INSERT INTO public.merch_artwork_products (id, merch_product_id, artwork_id, printify_product_id, created_at, mockup_images) VALUES (347, 6, 23, '69dc3db38cc1a656d304b660', '2026-04-13 00:49:56.391147+00', '{https://images-api.printify.com/mockup/69dc3db38cc1a656d304b660/103599/100877/hands-to-yourself-all-over-print-tote-bag.jpg?camera_label=front,https://images-api.printify.com/mockup/69dc3db38cc1a656d304b660/103599/100933/hands-to-yourself-all-over-print-tote-bag.jpg?camera_label=back,https://images-api.printify.com/mockup/69dc3db38cc1a656d304b660/103599/100963/hands-to-yourself-all-over-print-tote-bag.jpg?camera_label=person-1,https://images-api.printify.com/mockup/69dc3db38cc1a656d304b660/103599/100985/hands-to-yourself-all-over-print-tote-bag.jpg?camera_label=person-2,https://images-api.printify.com/mockup/69dc3db38cc1a656d304b660/103605/100880/hands-to-yourself-all-over-print-tote-bag.jpg?camera_label=front,https://images-api.printify.com/mockup/69dc3db38cc1a656d304b660/103605/100939/hands-to-yourself-all-over-print-tote-bag.jpg?camera_label=back,https://images-api.printify.com/mockup/69dc3db38cc1a656d304b660/103605/100964/hands-to-yourself-all-over-print-tote-bag.jpg?camera_label=person-1,https://images-api.printify.com/mockup/69dc3db38cc1a656d304b660/103605/100986/hands-to-yourself-all-over-print-tote-bag.jpg?camera_label=person-2}');


--
-- Data for Name: merch_products; Type: TABLE DATA; Schema: public; Owner: -
--

INSERT INTO public.merch_products (id, slug, name, description, price_cents, estimated_cost_cents, blueprint_id, print_provider_id, print_area_position, print_area_width, print_area_height, printify_product_id, mockup_images, variants, category, display_order, is_active, created_at, signature_config) VALUES (10, 'matte-poster', 'Matte Art Poster', 'Museum-quality matte finish. Deep blacks, vivid color. Each print is made to order — artwork looks better in person.', 2000, 600, 282, 2, 'front', 3300, 4200, '69cc7f5bcbe95926ad0fd9c6', '{https://images-api.printify.com/mockup/69cc7f5bcbe95926ad0fd9c6/43135/94677/grin-and-bear-it-matte-art-poster.jpg?camera_label=front,https://images-api.printify.com/mockup/69cc7f5bcbe95926ad0fd9c6/43135/94718/grin-and-bear-it-matte-art-poster.jpg?camera_label=front-2,https://images-api.printify.com/mockup/69cc7f5bcbe95926ad0fd9c6/43135/99397/grin-and-bear-it-matte-art-poster.jpg?camera_label=close-up,https://images-api.printify.com/mockup/69cc7f5bcbe95926ad0fd9c6/43135/95138/grin-and-bear-it-matte-art-poster.jpg?camera_label=context-1,https://images-api.printify.com/mockup/69cc7f5bcbe95926ad0fd9c6/43135/95176/grin-and-bear-it-matte-art-poster.jpg?camera_label=context-2,https://images-api.printify.com/mockup/69cc7f5bcbe95926ad0fd9c6/43135/95227/grin-and-bear-it-matte-art-poster.jpg?camera_label=context-3}', '[{"id": 43135, "size": "11\" × 14\"", "color": "Matte", "title": "Matte / 11\" × 14\""}, {"id": 43138, "size": "12\" × 18\"", "color": "Matte", "title": "Matte / 12\" × 18\""}, {"id": 43141, "size": "16\" × 20\"", "color": "Matte", "title": "Matte / 16\" × 20\""}, {"id": 43144, "size": "18\" × 24\"", "color": "Matte", "title": "Matte / 18\" × 24\""}]', 'print', 11, false, '2026-04-01 00:09:31.655996+00', NULL);
INSERT INTO public.merch_products (id, slug, name, description, price_cents, estimated_cost_cents, blueprint_id, print_provider_id, print_area_position, print_area_width, print_area_height, printify_product_id, mockup_images, variants, category, display_order, is_active, created_at, signature_config) VALUES (8, 'bucket-hat', 'Bucket Hat', 'The festival staple. Artwork-forward front panel, adjustable brim. Wears well in photos.', 3200, 1200, 1698, 217, 'front', 1500, 705, '69cc7f5568acd21da80c5063', '{https://images-api.printify.com/mockup/69db6bfda6714c1fd5034bce/116654/112500/grin-and-bear-it-bucket-hat.jpg?camera_label=front,https://images-api.printify.com/mockup/69db6bfda6714c1fd5034bce/116660/112500/grin-and-bear-it-bucket-hat.jpg?camera_label=front,https://images-api.printify.com/mockup/69db6bfda6714c1fd5034bce/116655/112500/grin-and-bear-it-bucket-hat.jpg?camera_label=front,https://images-api.printify.com/mockup/69db6bfda6714c1fd5034bce/116659/112500/grin-and-bear-it-bucket-hat.jpg?camera_label=front,https://images-api.printify.com/mockup/69db6bfda6714c1fd5034bce/116654/112515/grin-and-bear-it-bucket-hat.jpg?camera_label=back,https://images-api.printify.com/mockup/69db6bfda6714c1fd5034bce/116660/112515/grin-and-bear-it-bucket-hat.jpg?camera_label=back,https://images-api.printify.com/mockup/69db6bfda6714c1fd5034bce/116655/112515/grin-and-bear-it-bucket-hat.jpg?camera_label=back,https://images-api.printify.com/mockup/69db6bfda6714c1fd5034bce/116659/112515/grin-and-bear-it-bucket-hat.jpg?camera_label=back}', '[{"id": 116654, "size": "One size", "color": "Black", "title": "Black / One size"}, {"id": 116660, "size": "One size", "color": "Navy", "title": "Navy / One size"}, {"id": 116655, "size": "One size", "color": "Bone", "title": "Bone / One size"}, {"id": 116659, "size": "One size", "color": "Ecru", "title": "Ecru / One size"}]', 'accessories', 9, true, '2026-04-01 00:06:25.634114+00', NULL);
INSERT INTO public.merch_products (id, slug, name, description, price_cents, estimated_cost_cents, blueprint_id, print_provider_id, print_area_position, print_area_width, print_area_height, printify_product_id, mockup_images, variants, category, display_order, is_active, created_at, signature_config) VALUES (5, 'phone-case', 'Tough Phone Case', 'Dual-layer protection with full artwork coverage. Matte finish. Compatible with iPhone 12–16 and Samsung Galaxy S22–S24.', 2800, 900, 421, 23, 'front', 1152, 1853, '69cc7f49bdae02c994023109', '{https://images-api.printify.com/mockup/69cc7f49bdae02c994023109/67999/7971/grin-and-bear-it-tough-phone-case.jpg?camera_label=front-and-side,https://images-api.printify.com/mockup/69cc7f49bdae02c994023109/68001/7973/grin-and-bear-it-tough-phone-case.jpg?camera_label=front-and-side,https://images-api.printify.com/mockup/69cc7f49bdae02c994023109/68003/7975/grin-and-bear-it-tough-phone-case.jpg?camera_label=front-and-side,https://images-api.printify.com/mockup/69cc7f49bdae02c994023109/75384/22090/grin-and-bear-it-tough-phone-case.jpg?camera_label=front-and-side,https://images-api.printify.com/mockup/69cc7f49bdae02c994023109/75384/22528/grin-and-bear-it-tough-phone-case.jpg?camera_label=context,https://images-api.printify.com/mockup/69cc7f49bdae02c994023109/75388/22094/grin-and-bear-it-tough-phone-case.jpg?camera_label=front-and-side}', '[{"id": 67999, "size": "iPhone 12", "color": "Matte", "title": "Matte / iPhone 12"}, {"id": 68001, "size": "iPhone 12 Pro", "color": "Matte", "title": "Matte / iPhone 12 Pro"}, {"id": 68003, "size": "iPhone 12 Pro Max", "color": "Matte", "title": "Matte / iPhone 12 Pro Max"}, {"id": 75384, "size": "iPhone 13", "color": "Matte", "title": "Matte / iPhone 13"}, {"id": 75388, "size": "iPhone 13 Pro", "color": "Matte", "title": "Matte / iPhone 13 Pro"}, {"id": 75390, "size": "iPhone 13 Pro Max", "color": "Matte", "title": "Matte / iPhone 13 Pro Max"}, {"id": 96398, "size": "iPhone 14", "color": "Matte", "title": "Matte / iPhone 14"}, {"id": 96400, "size": "iPhone 14 Pro", "color": "Matte", "title": "Matte / iPhone 14 Pro"}, {"id": 96404, "size": "iPhone 14 Pro Max", "color": "Matte", "title": "Matte / iPhone 14 Pro Max"}, {"id": 102548, "size": "iPhone 15", "color": "Matte", "title": "Matte / iPhone 15"}, {"id": 102552, "size": "iPhone 15 Pro", "color": "Matte", "title": "Matte / iPhone 15 Pro"}, {"id": 102554, "size": "iPhone 15 Pro Max", "color": "Matte", "title": "Matte / iPhone 15 Pro Max"}, {"id": 112192, "size": "iPhone 16", "color": "Matte", "title": "Matte / iPhone 16"}, {"id": 112196, "size": "iPhone 16 Pro", "color": "Matte", "title": "Matte / iPhone 16 Pro"}, {"id": 112198, "size": "iPhone 16 Pro Max", "color": "Matte", "title": "Matte / iPhone 16 Pro Max"}, {"id": 80153, "size": "Samsung Galaxy S22", "color": "Matte", "title": "Matte / Samsung Galaxy S22"}, {"id": 96739, "size": "Samsung Galaxy S23", "color": "Matte", "title": "Matte / Samsung Galaxy S23"}, {"id": 105149, "size": "Samsung Galaxy S24", "color": "Matte", "title": "Matte / Samsung Galaxy S24"}]', 'accessories', 5, true, '2026-04-01 00:06:17.848817+00', NULL);
INSERT INTO public.merch_products (id, slug, name, description, price_cents, estimated_cost_cents, blueprint_id, print_provider_id, print_area_position, print_area_width, print_area_height, printify_product_id, mockup_images, variants, category, display_order, is_active, created_at, signature_config) VALUES (7, 'cuff-beanie', 'Cuff Beanie', 'A winter essential with artwork embroidered across the front. One size fits all.', 3200, 1100, 1689, 217, 'front', 1500, 526, '69cc7f50bfa1d446760d86fd', '{https://images-api.printify.com/mockup/69db6de3631ca9e1ce04b564/116203/112813/grin-and-bear-it-cuff-beanie.jpg?camera_label=front,https://images-api.printify.com/mockup/69db6de3631ca9e1ce04b564/116211/112813/grin-and-bear-it-cuff-beanie.jpg?camera_label=front,https://images-api.printify.com/mockup/69db6de3631ca9e1ce04b564/116206/112813/grin-and-bear-it-cuff-beanie.jpg?camera_label=front,https://images-api.printify.com/mockup/69db6de3631ca9e1ce04b564/116201/112813/grin-and-bear-it-cuff-beanie.jpg?camera_label=front}', '[{"id": 116203, "size": "One size", "color": "Black", "title": "Black / One size"}, {"id": 116211, "size": "One size", "color": "Navy", "title": "Navy / One size"}, {"id": 116206, "size": "One size", "color": "Ecru", "title": "Ecru / One size"}, {"id": 116201, "size": "One size", "color": "Army", "title": "Army / One size"}]', 'accessories', 7, false, '2026-04-01 00:06:22.124038+00', NULL);
INSERT INTO public.merch_products (id, slug, name, description, price_cents, estimated_cost_cents, blueprint_id, print_provider_id, print_area_position, print_area_width, print_area_height, printify_product_id, mockup_images, variants, category, display_order, is_active, created_at, signature_config) VALUES (1, 'tshirt', 'Comfort Colors T-Shirt', 'Garment-dyed for a lived-in feel. Premium DTG print on 100% ring-spun cotton. Limited-edition artwork on every piece.', 3200, 1400, 706, 217, 'front', 3461, 3955, '69cc7f39a297aa182b0ee7ae', '{https://images-api.printify.com/mockup/69cc7f39a297aa182b0ee7ae/73204/98445/grin-and-bear-it-comfort-colors-t-shirt.jpg?camera_label=front,https://images-api.printify.com/mockup/69cc7f39a297aa182b0ee7ae/73204/98446/grin-and-bear-it-comfort-colors-t-shirt.jpg?camera_label=back,https://images-api.printify.com/mockup/69cc7f39a297aa182b0ee7ae/73204/112433/grin-and-bear-it-comfort-colors-t-shirt.jpg?camera_label=person-1-front,https://images-api.printify.com/mockup/69cc7f39a297aa182b0ee7ae/73204/112434/grin-and-bear-it-comfort-colors-t-shirt.jpg?camera_label=person-1-back,https://images-api.printify.com/mockup/69cc7f39a297aa182b0ee7ae/73207/100629/grin-and-bear-it-comfort-colors-t-shirt.jpg?camera_label=folded}', '[{"id": 73196, "size": "S", "color": "Black", "title": "Black / S"}, {"id": 73200, "size": "M", "color": "Black", "title": "Black / M"}, {"id": 73204, "size": "L", "color": "Black", "title": "Black / L"}, {"id": 73208, "size": "XL", "color": "Black", "title": "Black / XL"}, {"id": 73212, "size": "2XL", "color": "Black", "title": "Black / 2XL", "priceCents": 3700}, {"id": 73199, "size": "S", "color": "White", "title": "White / S"}, {"id": 73203, "size": "M", "color": "White", "title": "White / M"}, {"id": 73207, "size": "L", "color": "White", "title": "White / L"}, {"id": 73211, "size": "XL", "color": "White", "title": "White / XL"}, {"id": 73215, "size": "2XL", "color": "White", "title": "White / 2XL", "priceCents": 3700}]', 'apparel', 1, true, '2026-04-01 00:06:02.755555+00', '{"position": "back", "areaWidth": 3461, "areaHeight": 3955, "signatureX": 0.5, "signatureY": 0.2, "darkVariantIds": [73196, 73200, 73204, 73208, 73212], "signatureScale": 0.3, "lightVariantIds": [73199, 73203, 73207, 73211, 73215], "blackWordmarkUrl": "https://cdn.jsdelivr.net/gh/free-whiteboard-online/Free-Erasorio-Alternative-for-Collaborative-Design@232b3d5040a133da0e8c0c29a46a9dc28016d2f8/uploads/2026-04-12T05-31-45-372Z-upz8q5hd4.png", "whiteWordmarkUrl": "https://cdn.jsdelivr.net/gh/free-whiteboard-online/Free-Erasorio-Alternative-for-Collaborative-Design@475907b09a0969a684bac008d7aca675f3138ef4/uploads/2026-04-12T05-30-52-237Z-pd2wptkwr.png"}');
INSERT INTO public.merch_products (id, slug, name, description, price_cents, estimated_cost_cents, blueprint_id, print_provider_id, print_area_position, print_area_width, print_area_height, printify_product_id, mockup_images, variants, category, display_order, is_active, created_at, signature_config) VALUES (14, 'giclee-print', 'Fine Art Print', 'Archival pigment inks on 220gsm gallery-grade archival paper. Gallery-quality reproduction made to order — colors deepen in person.', 4500, 1000, 804, 72, 'front', 3591, 5398, '69dc1dc4f69271dd700866cb', '{https://images-api.printify.com/mockup/69dc1dc4f69271dd700866cb/75288/22300/grin-and-bear-it-fine-art-print.jpg?camera_label=front,https://images-api.printify.com/mockup/69dc1dc4f69271dd700866cb/75291/22307/grin-and-bear-it-fine-art-print.jpg?camera_label=front,https://images-api.printify.com/mockup/69dc1dc4f69271dd700866cb/75292/22309/grin-and-bear-it-fine-art-print.jpg?camera_label=front,https://images-api.printify.com/mockup/69dc1dc4f69271dd700866cb/75288/22620/grin-and-bear-it-fine-art-print.jpg?camera_label=context-1,https://images-api.printify.com/mockup/69dc1dc4f69271dd700866cb/75288/22717/grin-and-bear-it-fine-art-print.jpg?camera_label=context-2,https://images-api.printify.com/mockup/69dc1dc4f69271dd700866cb/75291/22627/grin-and-bear-it-fine-art-print.jpg?camera_label=context-1}', '[{"id": 75288, "size": "8\" × 10\"", "areaH": 3000, "areaW": 2398, "color": "Matte", "title": "Matte / 8\" × 10\"", "priceCents": 4500}, {"id": 75291, "size": "12\" × 18\"", "areaH": 5398, "areaW": 3591, "color": "Matte", "title": "Matte / 12\" × 18\"", "priceCents": 7500}, {"id": 75292, "size": "16\" × 20\"", "areaH": 6000, "areaW": 4795, "color": "Matte", "title": "Matte / 16\" × 20\"", "priceCents": 9500}, {"id": 75299, "size": "10\" × 8\"", "areaH": 2398, "areaW": 3000, "color": "Matte", "title": "Matte / 10\" × 8\"", "priceCents": 4500}, {"id": 75302, "size": "18\" × 12\"", "areaH": 3591, "areaW": 5398, "color": "Matte", "title": "Matte / 18\" × 12\"", "priceCents": 7500}, {"id": 75304, "size": "20\" × 16\"", "areaH": 4795, "areaW": 6000, "color": "Matte", "title": "Matte / 20\" × 16\"", "priceCents": 9500}]', 'print', 11, true, '2026-04-12 19:24:45.344015+00', NULL);
INSERT INTO public.merch_products (id, slug, name, description, price_cents, estimated_cost_cents, blueprint_id, print_provider_id, print_area_position, print_area_width, print_area_height, printify_product_id, mockup_images, variants, category, display_order, is_active, created_at, signature_config) VALUES (6, 'tote-bag', 'All-Over Print Tote Bag', 'Full artwork coverage on every surface. Heavy-duty canvas straps. 13″, 16″, or 18″ sizes.', 4500, 1800, 1389, 10, 'front', 2175, 4350, '69cc7f4c8b5fa3d2f10df1ca', '{https://images-api.printify.com/mockup/69db65efcca0c3b3780bbb7f/103599/100877/grin-and-bear-it-all-over-print-tote-bag.jpg?camera_label=front,https://images-api.printify.com/mockup/69db65efcca0c3b3780bbb7f/103599/100933/grin-and-bear-it-all-over-print-tote-bag.jpg?camera_label=back,https://images-api.printify.com/mockup/69db65efcca0c3b3780bbb7f/103599/100963/grin-and-bear-it-all-over-print-tote-bag.jpg?camera_label=person-1,https://images-api.printify.com/mockup/69db65efcca0c3b3780bbb7f/103599/100985/grin-and-bear-it-all-over-print-tote-bag.jpg?camera_label=person-2,https://images-api.printify.com/mockup/69db65efcca0c3b3780bbb7f/103599/109001/grin-and-bear-it-all-over-print-tote-bag.jpg?camera_label=person-3,https://images-api.printify.com/mockup/69db65efcca0c3b3780bbb7f/103599/109013/grin-and-bear-it-all-over-print-tote-bag.jpg?camera_label=person-4}', '[{"id": 103599, "size": "13\" × 13\"", "color": "Black", "title": "Black / 13\" × 13\"", "priceCents": 4500}, {"id": 103600, "size": "16\" × 16\"", "color": "Black", "title": "Black / 16\" × 16\"", "priceCents": 5500}, {"id": 103601, "size": "18\" × 18\"", "color": "Black", "title": "Black / 18\" × 18\"", "priceCents": 6100}, {"id": 103605, "size": "13\" × 13\"", "color": "White", "title": "White / 13\" × 13\"", "priceCents": 4500}, {"id": 103606, "size": "16\" × 16\"", "color": "White", "title": "White / 16\" × 16\"", "priceCents": 5500}, {"id": 103607, "size": "18\" × 18\"", "color": "White", "title": "White / 18\" × 18\"", "priceCents": 6100}]', 'accessories', 6, true, '2026-04-01 00:06:19.969876+00', NULL);
INSERT INTO public.merch_products (id, slug, name, description, price_cents, estimated_cost_cents, blueprint_id, print_provider_id, print_area_position, print_area_width, print_area_height, printify_product_id, mockup_images, variants, category, display_order, is_active, created_at, signature_config) VALUES (13, 'hoodie', 'Gildan Pullover Hoodie', 'Heavyweight 50/50 cotton-poly fleece. Kangaroo pocket, double-lined hood. Large-format artwork on the back, artist signature embroidered on the chest.', 5500, 2000, 77, 217, 'back', 2976, 3398, '69db36a8cca0c3b3780bb3a2', '{https://images-api.printify.com/mockup/69db43ba9bb7d82038086f40/32912/98425/grin-and-bear-it-gildan-pullover-hoodie.jpg?camera_label=back,https://images-api.printify.com/mockup/69db43ba9bb7d82038086f40/32920/98427/grin-and-bear-it-gildan-pullover-hoodie.jpg?camera_label=person-1,https://images-api.printify.com/mockup/69db43ba9bb7d82038086f40/32920/100685/grin-and-bear-it-gildan-pullover-hoodie.jpg?camera_label=front-collar-closeup,https://images-api.printify.com/mockup/69db43ba9bb7d82038086f40/32920/100682/grin-and-bear-it-gildan-pullover-hoodie.jpg?camera_label=person-4-back,https://images-api.printify.com/mockup/69db43ba9bb7d82038086f40/32912/98432/grin-and-bear-it-gildan-pullover-hoodie.jpg?camera_label=folded}', '[{"id": 32918, "size": "S", "color": "Black", "title": "Black / S"}, {"id": 32919, "size": "M", "color": "Black", "title": "Black / M"}, {"id": 32920, "size": "L", "color": "Black", "title": "Black / L"}, {"id": 32921, "size": "XL", "color": "Black", "title": "Black / XL"}, {"id": 32922, "size": "2XL", "color": "Black", "title": "Black / 2XL", "priceCents": 6200}, {"id": 32894, "size": "S", "color": "Navy", "title": "Navy / S"}, {"id": 32895, "size": "M", "color": "Navy", "title": "Navy / M"}, {"id": 32896, "size": "L", "color": "Navy", "title": "Navy / L"}, {"id": 32897, "size": "XL", "color": "Navy", "title": "Navy / XL"}, {"id": 32898, "size": "2XL", "color": "Navy", "title": "Navy / 2XL", "priceCents": 6200}, {"id": 32910, "size": "S", "color": "White", "title": "White / S"}, {"id": 32911, "size": "M", "color": "White", "title": "White / M"}, {"id": 32912, "size": "L", "color": "White", "title": "White / L"}, {"id": 32913, "size": "XL", "color": "White", "title": "White / XL"}, {"id": 32914, "size": "2XL", "color": "White", "title": "White / 2XL", "priceCents": 6200}]', 'apparel', 2, true, '2026-04-12 06:07:38.436717+00', '{"position": "front_left_chest", "areaWidth": 1200, "areaHeight": 1200, "darkVariantIds": [32918, 32919, 32920, 32921, 32922, 32894, 32895, 32896, 32897, 32898], "lightVariantIds": [32910, 32911, 32912, 32913, 32914], "blackWordmarkUrl": "https://cdn.jsdelivr.net/gh/free-whiteboard-online/Free-Erasorio-Alternative-for-Collaborative-Design@232b3d5040a133da0e8c0c29a46a9dc28016d2f8/uploads/2026-04-12T05-31-45-372Z-upz8q5hd4.png", "whiteWordmarkUrl": "https://cdn.jsdelivr.net/gh/free-whiteboard-online/Free-Erasorio-Alternative-for-Collaborative-Design@475907b09a0969a684bac008d7aca675f3138ef4/uploads/2026-04-12T05-30-52-237Z-pd2wptkwr.png"}');
INSERT INTO public.merch_products (id, slug, name, description, price_cents, estimated_cost_cents, blueprint_id, print_provider_id, print_area_position, print_area_width, print_area_height, printify_product_id, mockup_images, variants, category, display_order, is_active, created_at, signature_config) VALUES (3, 'crewneck', 'Gildan Crewneck Sweatshirt', 'Classic heavyweight crewneck with a clean canvas for bold prints. 50/50 cotton-poly fleece.', 4500, 1700, 49, 217, 'front', 2976, 3398, '69cc7f41bc99c0222409dfd4', '{https://images-api.printify.com/mockup/69cc7f41bc99c0222409dfd4/25459/98502/grin-and-bear-it-gildan-crewneck-sweatshirt.jpg?camera_label=front,https://images-api.printify.com/mockup/69cc7f41bc99c0222409dfd4/25459/100650/grin-and-bear-it-gildan-crewneck-sweatshirt.jpg?camera_label=person-5-left-sleeve,https://images-api.printify.com/mockup/69cc7f41bc99c0222409dfd4/25459/100649/grin-and-bear-it-gildan-crewneck-sweatshirt.jpg?camera_label=person-5-right-sleeve,https://images-api.printify.com/mockup/69cc7f41bc99c0222409dfd4/25459/100651/grin-and-bear-it-gildan-crewneck-sweatshirt.jpg?camera_label=flat,https://images-api.printify.com/mockup/69cc7f41bc99c0222409dfd4/25459/98504/grin-and-bear-it-gildan-crewneck-sweatshirt.jpg?camera_label=person-1,https://images-api.printify.com/mockup/69cc7f41bc99c0222409dfd4/25458/100648/grin-and-bear-it-gildan-crewneck-sweatshirt.jpg?camera_label=folded}', '[{"id": 25397, "size": "S", "color": "Black", "title": "Black / S"}, {"id": 25428, "size": "M", "color": "Black", "title": "Black / M"}, {"id": 25459, "size": "L", "color": "Black", "title": "Black / L"}, {"id": 25490, "size": "XL", "color": "Black", "title": "Black / XL"}, {"id": 25521, "size": "2XL", "color": "Black", "title": "Black / 2XL", "priceCents": 5100}, {"id": 25388, "size": "S", "color": "Navy", "title": "Navy / S"}, {"id": 25419, "size": "M", "color": "Navy", "title": "Navy / M"}, {"id": 25450, "size": "L", "color": "Navy", "title": "Navy / L"}, {"id": 25481, "size": "XL", "color": "Navy", "title": "Navy / XL"}, {"id": 25512, "size": "2XL", "color": "Navy", "title": "Navy / 2XL", "priceCents": 5100}, {"id": 25396, "size": "S", "color": "White", "title": "White / S"}, {"id": 25427, "size": "M", "color": "White", "title": "White / M"}, {"id": 25458, "size": "L", "color": "White", "title": "White / L"}, {"id": 25489, "size": "XL", "color": "White", "title": "White / XL"}, {"id": 25520, "size": "2XL", "color": "White", "title": "White / 2XL", "priceCents": 5100}]', 'apparel', 3, true, '2026-04-01 00:06:12.143845+00', '{"position": "left_sleeve", "areaWidth": 1050, "areaHeight": 1050, "signatureX": 0.5, "signatureY": 0.8, "darkVariantIds": [25397, 25428, 25459, 25490, 25521, 25388, 25419, 25450, 25481, 25512], "signatureScale": 0.9, "lightVariantIds": [25396, 25427, 25458, 25489, 25520], "blackWordmarkUrl": "https://cdn.jsdelivr.net/gh/free-whiteboard-online/Free-Erasorio-Alternative-for-Collaborative-Design@232b3d5040a133da0e8c0c29a46a9dc28016d2f8/uploads/2026-04-12T05-31-45-372Z-upz8q5hd4.png", "whiteWordmarkUrl": "https://cdn.jsdelivr.net/gh/free-whiteboard-online/Free-Erasorio-Alternative-for-Collaborative-Design@475907b09a0969a684bac008d7aca675f3138ef4/uploads/2026-04-12T05-30-52-237Z-pd2wptkwr.png", "signaturePositions": ["left_sleeve", "right_sleeve"]}');


--
-- Name: artworks_id_seq; Type: SEQUENCE SET; Schema: public; Owner: -
--

SELECT pg_catalog.setval('public.artworks_id_seq', 40, true);


--
-- Name: merch_artwork_products_id_seq; Type: SEQUENCE SET; Schema: public; Owner: -
--

SELECT pg_catalog.setval('public.merch_artwork_products_id_seq', 352, true);


--
-- Name: merch_products_id_seq; Type: SEQUENCE SET; Schema: public; Owner: -
--

SELECT pg_catalog.setval('public.merch_products_id_seq', 14, true);


--
-- PostgreSQL database dump complete
--

\unrestrict XRRgLK676u7xCpqq0WJU30ekO7LooOUdeUtfPE4JfQXbQilEbFTTEbdXhn6EMkI

